Unnamed: 0,frame_no,B1_x,B1_y,B1_confidence,B1_method,B2_x,B2_y,B2_confidence,B2_method,position_3d_pixels,B1_reprojected_point,B1_error_cm,B2_reprojected_point,B2_error_cm,anomaly_detected
0,1061,16,374,0.7976728677749634,YOLO,1892,383,0.4,LK,"[-4762.258295778171, -866.5098314692611, 4496.296778011025]","[91.04262030378325, 762.119344613008]",0.6552129343637091,"[3721.7838418900033, 776.60757086892]",0.6486767787785108,False
1,1062,71,383,0.8326795697212219,YOLO,1892,383,0.3,LK,"[-4888.250264315105, -868.4644369098194, 4813.754005870697]","[166.8876138819374, 782.2227435834243]",3.1006209491435217,"[3718.60538614712, 768.0950779068422]",3.448231461921457,False
2,1063,60,382,0.4,LK,1745,404,0.848747968673706,YOLO,"[-3933.9208944840007, -792.2386711002205, 3877.898067828317]","[168.67454780242656, 743.1983668048969]",7.50284046993814,"[3497.21587298344, 829.8742278444454]",5.3282204732158345,False
3,1064,178,402,0.8450319766998291,YOLO,1700,411,0.8322300314903259,YOLO,"[-3937.9583456866517, -767.6642272606655, 4364.998747308772]","[363.65430945079254, 789.6492421571561]",4.797663371587753,"[3409.311075483507, 835.6757765661606]",3.9418624274420124,False
4,1065,225,410,0.8399996161460876,YOLO,1657,417,0.8339241147041321,YOLO,"[-3710.1133007260946, -738.6015388214926, 4382.178003909427]","[460.08575568389, 801.6124998669382]",6.485109061393012,"[3328.2975356551683, 849.5350547936365]",5.15512646153158,False
5,1066,248,411,0.7354381203857725,BG/YOLO,1614,425,0.7578974962234497,YOLO,"[-3266.587446470622, -699.3270899400787, 4042.4471177704754]","[527.0561181741566, 794.3423544164596]",11.383696047541974,"[3252.9491944687147, 869.3418601051914]",7.672619901973253,False
6,1067,311,425,0.7616109251976013,YOLO,1575,431,0.8032627701759338,YOLO,"[-3420.742439982053, -678.859675693205, 4676.5636430734485]","[660.0881428669875, 839.8228784135168]",12.318816315840731,"[3182.0936560848077, 871.8483527374805]",10.124717298569216,False
7,1068,353,434,0.835638165473938,YOLO,1575,423,0.4,LK,"[-3929.3666130741494, -718.0170749267718, 5592.542703260692]","[710.199441162018, 867.2311722477416]",1.9796322133076187,"[3154.8919049509013, 848.842285276041]",2.201660274962909,False
8,1069,353,433,0.4,LK,1575,423,0.3,LK,"[-3906.5648807675116, -720.391279753115, 5559.159915685171]","[709.9953683004396, 865.2735580067108]",1.8999076896352094,"[3154.6088980290224, 848.7782588820179]",2.0869662024038735,False
9,1070,425,451,0.8447237610816956,YOLO,1466,451,0.4872131645679474,YOLO,"[-4160.437715321212, -631.3014747279486, 6775.957445993944]","[864.0726476371802, 924.7812790129575]",10.357495773827521,"[2944.531483956799, 870.3680234786361]",16.286284286428327,False
10,1071,459,460,0.7807726860046387,YOLO,1431,459,0.8259002566337585,YOLO,"[-3920.1567447767106, -576.3138226963006, 6784.075568312382]","[926.8545596586641, 938.2076545998466]",7.557443849891842,"[2864.098957244581, 894.5696112606611]",11.359957207535032,False
11,1072,490,468,0.5113481879234314,YOLO,1430,459,0.4,LK,"[-3359.726735880425, -523.799643424999, 6165.593806977209]","[984.0419528716047, 938.200645295785]",0.5150161770632437,"[2854.0949820757687, 918.2930669733905]",0.6067439900079783,False
12,1073,521,476,0.8536665439605713,YOLO,1430,458,0.3,LK,"[-2895.9696101660684, -483.8990218055801, 5649.571004545855]","[1040.1595207726186, 937.0616102563102]",5.7841863939304385,"[2848.5113526262908, 932.6683827111075]",5.59358964577095,False
13,1074,550,483,0.6372686624526978,YOLO,1334,481,0.7161812353777322,BG/YOLO,"[-3265.19925766568, -424.83172460556403, 6867.203493050073]","[1104.6250429437412, 975.9319336424094]",3.8565552929748708,"[2663.469593818389, 951.2466152715399]",5.235912118283558,False
14,1075,576,490,0.4,LK,1333,482,0.4,LK,"[-2917.690539534164, -381.3166080657949, 6540.622731926167]","[1155.6619105616214, 981.7556974865145]",0.43605172718071744,"[2660.452421574973, 964.0249642375779]",0.5207250201942766,False
15,1076,604,500,0.7514632672123474,BG/YOLO,1333,482,0.3,LK,"[-2576.9053873850107, -332.17615741621154, 6213.744579310359]","[1210.1498811064037, 989.6666152310929]",4.134668697508202,"[2659.3287503872602, 976.3824067196863]",4.35944959535856,False
17,1078,654,515,0.6974915266036987,YOLO,1218,515,0.5982335805892944,YOLO,"[-2578.327384075602, -181.66390421813938, 7219.5544315313455]","[1310.1398072039933, 1035.901437239148]",2.474419244683976,"[2432.9149463159406, 1023.3861821161812]",3.2196793368104495,False
18,1079,677,524,0.6399151682853699,YOLO,1218,514,0.4,LK,"[-2321.755540246695, -136.9469226390787, 7020.984433641719]","[1356.059660397147, 1045.1455892981508]",1.301381927340978,"[2433.2764919660754, 1032.0127943355524]",1.5641665823790671,False
19,1080,676,524,0.4,LK,1169,531,0.6998469233512878,YOLO,"[-2517.6691498364653, -93.14620334551074, 7576.765270565688]","[1353.281007667168, 1056.9295036796902]",4.057958635854204,"[2335.444183855518, 1050.4837167087883]",5.6044517588792395,False
20,1081,676,524,0.3,LK,1168,530,0.4,LK,"[-2520.382253007318, -97.06416853435847, 7586.109353165813]","[1353.3707012344867, 1056.1103430104715]",3.6816070132926884,"[2333.5678510877246, 1049.5629307382776]",5.096344387705386,False
29,1102,983,602,0.6213742261987902,BG,808,616,0.7935455912192155,BG,"[192.43345237475376, 764.4585271060035, 9545.192244507401]","[1965.3273004949579, 1207.8814367661087]",2.3287846214248895,"[1615.4885098464147, 1226.8660332450781]",3.075525448548394,False
30,1103,988,596,0.6108759556927862,BG,800,608,0.787644612766407,BG,"[249.8550116256976, 693.4077852777336, 9602.305305752376]","[1975.5036329332247, 1195.012571636968]",1.8184747531357202,"[1599.7423386093371, 1211.996528017024]",2.4073154305261806,False
31,1104,994,590,0.8202020201250877,BG,792,601,0.7720476897413296,BG,"[318.1910784034337, 627.0252599782725, 9659.017544212136]","[1987.524194273853, 1183.089967434656]",1.8689044827109824,"[1583.8168205838438, 1197.9146429425243]",2.47620609180167,False
32,1105,999,585,0.7748298965014045,BG,784,595,0.6867752159605119,BG,"[376.38157058263795, 570.2996712074287, 9718.371031473382]","[1997.5727555613137, 1172.9045936548755]",1.7649185413586401,"[1567.9329619850232, 1186.1613762641869]",2.3440191750744077,False
33,1106,1005,580,0.6368238171141964,BG,777,588,0.6664154522263376,BG,"[446.35627598529277, 508.8388705672665, 9766.788842135931]","[2009.6809984516074, 1162.1467655736744]",1.3154623024388232,"[1554.127273052783, 1173.1602456513313]",1.7460596265863968,False
34,1107,1010,574,0.8085181428902573,BG,769,582,0.6910187825795631,BG,"[505.3169840469692, 444.66680728011437, 9827.489067435492]","[2019.6093946328765, 1150.9511941409874]",1.8044798288025674,"[1538.1110908495493, 1160.1388639142885]",2.4010087666856506,False
35,1108,1016,569,0.685223306132241,BG,762,577,0.7912165427582412,BG,"[575.7802846631126, 391.58345420409563, 9878.470188591014]","[2031.5354595548738, 1141.7891187738908]",2.318616677939914,"[1524.0989028199526, 1149.0796654829553]",3.083788545884196,False
36,1109,1020,565,0.4,LK,755,571,0.7300079258206148,BG,"[625.3251039496405, 338.47618088824356, 9931.908610672814]","[2039.653580913513, 1132.7034084176355]",1.6667109581297361,"[1510.32299445156, 1138.498417341828]",2.2221833844492695,False
37,1110,1025,562,0.3,LK,747,566,0.6948268209617899,BG,"[687.3405300126219, 296.4998055987423, 9993.712884708044]","[2049.753514751442, 1125.4957846016825]",0.9363503633526624,"[1494.5474804022754, 1130.080089163548]",1.2510361542168806,False
40,1113,1040,551,0.5711544752120972,YOLO,731,556,0.4,LK,"[868.9316004000818, 180.9817129365079, 10113.621323275956]","[2079.517502241726, 1106.2574500375108]",2.6477722137712365,"[1462.5188804603927, 1106.5900469756214]",3.5272776467462443,False
41,1114,1044,547,0.4,LK,730,554,0.3,LK,"[914.8501523815221, 146.65062696081137, 10117.092851095002]","[2087.3480303260817, 1100.7026517284144]",4.156643256272906,"[1460.3545191885105, 1099.490626357353]",5.5123010339854925,False
51,1124,1088,531,0.4672738313674927,YOLO,653,530,0.6967131794076677,BG/YOLO,"[1519.5427091493527, -82.95276412942677, 10772.425226686963]","[2175.2739571808556, 1064.4347656060086]",1.5727401001237742,"[1307.6631264070356, 1057.2665475763174]",2.138494814711692,False
52,1125,1092,530,0.443203866481781,YOLO,646,529,0.4,LK,"[1577.9638995466637, -95.6870768882653, 10835.173994080464]","[2183.2185430014542, 1062.5872370582028]",1.6779610704416745,"[1293.7270309571845, 1055.0927918171294]",2.286474499877566,False
53,1126,1095,529,0.4,LK,640,529,0.3,LK,"[1623.0978698493698, -103.31592121452624, 10889.739597592783]","[2189.1487109065856, 1061.5148399613063]",2.2985637792767983,"[1281.742480503634, 1053.8808256014083]",3.139871923532273,False
54,1127,1099,529,0.3,LK,637,530,0.785754382610321,YOLO,"[1676.9606493900255, -97.97976295599557, 10917.36296057108]","[2197.061422801458, 1062.352725341978]",2.8610627163221873,"[1275.7260422528925, 1054.7880413185192]",3.899730806250518,False
63,1149,1120,550,0.6737651151184011,BG,571,557,0.4,LK,"[2051.1529318213397, 187.91435134495717, 11552.684344065186]","[2238.6394597116923, 1103.5956892959675]",2.580404965426676,"[1143.6560693096133, 1109.437115227448]",3.664018421160243,False
64,1150,1105,544,0.7436781659348073,BG,587,549,0.8001112341880798,YOLO,"[1827.5255293085052, 98.96021041093432, 11390.063705730076]","[2208.946734961287, 1091.2139643756304]",2.2489180633385595,"[1175.8031013426871, 1094.000304905151]",3.2052602329743545,False
65,1151,1088,538,0.6745914771583519,BG,582,539,0.4,LK,"[1611.2235481031566, -1.8857385490562255, 11420.003526553606]","[2175.3248040921303, 1076.747501682545]",0.512775016905273,"[1166.005326233814, 1077.5033639031278]",0.7518683982601286,False
66,1152,1070,532,0.6111464731783545,BG,587,537,0.3,LK,"[1368.1636360810885, -58.94558877922794, 11363.841366116341]","[2139.3926766471145, 1068.5415797136982]",3.131141738190736,"[1175.8290055972093, 1068.0009130480394]",4.686328856534247,False
67,1153,1052,525,0.6360342686717707,BG,640,526,0.8307579755783081,YOLO,"[1087.1840175163572, -154.29082505621534, 10894.373883685243]","[2103.614301711087, 1053.8759417541578]",2.5507257272303803,"[1281.7461908619862, 1047.0815042579052]",3.7043930778725525,False
68,1154,1035,518,0.6206330553638505,BG/YOLO,658,518,0.6729677599525805,BG,"[862.2421947605478, -239.08714706862463, 10739.490414989265]","[2069.7408796359337, 1040.6405671211546]",3.0130699851173826,"[1317.6385594842322, 1029.9844365390609]",4.400458600580731,False
69,1155,1014,513,0.6212344951124719,BG,677,511,0.6943645604418299,BG,"[594.6576725753569, -303.13685667760905, 10585.559791687689]","[2027.8711994859402, 1030.2248166537122]",2.7070139101025608,"[1355.5205648625545, 1016.4939023757956]",3.9968519915392156,False
70,1156,995,507,0.6092606785082666,BG/YOLO,697,503,0.7213958715031694,BG,"[358.16036751614604, -375.58495092501363, 10429.076450916504]","[1989.9555397811232, 1018.1717610557906]",2.6377486402166297,"[1395.381372017849, 1000.5164863886039]",3.9227051800343,False
71,1157,975,500,0.6170011714214205,BG/YOLO,696,502,0.4,LK,"[118.3374892258922, -427.5154687380357, 10452.05635645942]","[1949.9790723449275, 1010.1827052622696]",6.481693385930293,"[1393.4134191442165, 989.3418729139448]",9.975170475722654,False
72,1158,974,500,0.4,LK,739,488,0.6835116364549303,BG,"[102.73152970741276, -476.59437943715125, 10099.440515866798]","[1947.9821517976538, 999.9086954329832]",0.06957839174622726,"[1478.967914736661, 976.6230453033508]",0.10186080077564776,False
73,1159,932,489,0.6474436227001856,BG,762,480,0.7517368796128688,BG/YOLO,"[-379.97280478350297, -571.8141541193598, 9970.358024014507]","[1864.1373299186694, 983.3052566356729]",3.2150443971535934,"[1524.9960923839094, 952.6038782612917]",4.920080156564862,False
74,1160,910,483,0.6016633558637455,BG,785,473,0.5885664688703537,BG/YOLO,"[-622.7551402539665, -629.1204760626742, 9824.12598156432]","[1820.236955775252, 972.3788818708585]",3.8021608742246413,"[1570.96070981794, 936.9022775042065]",5.88242696324365,False
75,1161,887,477,0.6224137395809755,BG,809,465,0.6200325719496667,BG,"[-869.3311212477452, -687.8144595929834, 9680.1598120596]","[1774.3657197498342, 960.915206851726]",4.045105315401089,"[1618.9686578765497, 919.9951811384966]",6.335251733283597,False
76,1162,887,476,0.4,LK,833,457,0.7095095197889119,BG/YOLO,"[-853.7106459211159, -718.0709794169296, 9490.50567995051]","[1774.1074460607076, 953.3857537839845]",0.7577868075076837,"[1666.444744502424, 912.434939741062]",1.1487079229812234,False
77,1163,843,466,0.7947567105293274,YOLO,860,450,0.6502915851480175,BG/YOLO,"[-1316.8994211892348, -787.8778976178089, 9389.284253848033]","[1686.7562697301732, 939.9045898667915]",4.430541617994107,"[1721.1261422236487, 888.4011153450771]",7.069454271686783,False
78,1164,847,465,0.4,LK,887,443,0.6463181867558407,BG,"[-1245.4525479472563, -812.0922012131405, 9165.353323088302]","[1694.3425024177432, 932.237685471454]",1.1496170404320276,"[1774.4108156841082, 883.2986973061645]",1.7486650965721828,False
79,1165,847,465,0.3,LK,916,436,0.7036519646644592,YOLO,"[-1217.369181128367, -829.5003624099356, 8931.695349939057]","[1693.629401680528, 925.2654588695675]",2.7004421887008676,"[1831.3422412477037, 879.2854958255124]",3.9317786222417657,False
80,1166,757,448,0.7964953919549048,BG,912,437,0.4,LK,"[-2204.640796791976, -903.8400287795192, 9263.757874717232]","[1517.0426487582613, 917.5925780465025]",11.925437265345511,"[1827.8380788816808, 837.6615888576525]",21.496041045682524,False
81,1167,757,448,0.4,LK,975,421,0.5731363892555237,YOLO,"[-2098.496476464997, -936.1784536504026, 8793.167787665274]","[1515.8874681892637, 903.051219995056]",3.4955995145636236,"[1951.3245135234063, 832.3030210646547]",5.690663292447553,False
82,1168,757,448,0.3,LK,974,421,0.4,LK,"[-2100.3206753731365, -936.5318387476816, 8801.046043417567]","[1515.89850842878, 903.1413364539496]",3.5474915669425804,"[1949.3484252861488, 832.1418158312663]",5.7849796746919315,False
83,1169,679,433,0.4639344215393066,YOLO,1045,405,0.6455029845237732,YOLO,"[-2814.021038656585, -1024.0807922861302, 8616.592187529657]","[1363.1905966971892, 882.8169615372635]",8.416548621863907,"[2094.6018741140692, 783.6747995289118]",15.023264946581307,False
84,1170,683,432,0.4,LK,1045,404,0.4,LK,"[-2767.2625631905785, -1033.8131539670685, 8593.147853925986]","[1371.0925650702077, 880.4365124715406]",8.196178732089047,"[2094.459290388796, 782.6730769084305]",14.4451793012261,False
85,1171,683,432,0.3,LK,1045,404,0.3,LK,"[-2767.2625631905785, -1033.8131539670685, 8593.147853925986]","[1371.0925650702077, 880.4365124715406]",8.196178732089047,"[2094.459290388796, 782.6730769084305]",14.4451793012261,False
87,1173,552,416,0.531456470489502,YOLO,1163,379,0.4,LK,"[-4004.8529069300967, -1109.3169772417377, 8555.315996510491]","[1117.4138826271092, 865.1465966378138]",17.229948785017445,"[2344.9647328237274, 691.210503315813]",38.82470888830099,True
88,1174,517,410,0.5892741680145264,YOLO,1256,365,0.4685203731060028,YOLO,"[-4106.180712638777, -1136.7817889172359, 8094.272356803325]","[1049.3724827594403, 847.5342566614707]",14.05218856237574,"[2531.10197826469, 680.3553361766641]",29.36970607269614,False
89,1175,482,407,0.7502239346504211,YOLO,1255,364,0.4,LK,"[-4609.008576576217, -1142.1441135354476, 8471.644430655364]","[985.5425527590824, 856.7223753312724]",23.324217914096398,"[2551.8912732245913, 628.3695735542146]",60.04179575578808,True
90,1176,445,404,0.4539069831371307,YOLO,1255,364,0.3,LK,"[-5193.126461595506, -1144.4153618939079, 8902.601819918797]","[917.3382876305147, 866.9695503760873]",34.167114627573646,"[2590.7304061098403, 542.7465091842575]",115.79256604652694,True
92,1178,108,507,0.7024672627449036,YOLO,1463,337,0.7811689972877502,YOLO,"[-20300.14132118373, 814.5718576694022, 23083.522705361618]","[403.15371207129107, 1134.677850251579]",301.6170653752869,"[2624.742826927874, 849.0037067519136]",498.0770931269052,True
93,1179,107,507,0.4,LK,1532,329,0.5614540576934814,YOLO,"[-9940.008296336877, -152.8579350118271, 11741.268687407104]","[460.17186773053277, 1055.7445344510636]",171.7888585476867,"[1788.1328933956513, 847.2347936418861]",951.622444855698,True
94,1180,147,503,0.3,LK,1598,321,0.8104907870292664,YOLO,"[-6242.868636139006, -562.6697713637552, 7547.288069888785]","[493.89597443289176, 955.1986070767624]",94.83950681449603,"[3915.7492791260484, 809.0071492801761]",350.5964995830006,True
95,1181,238,388,0.7788053750991821,YOLO,1673,314,0.8171833157539368,YOLO,"[-4665.782501035243, -1160.776398010739, 5735.513752241708]","[517.6472561409053, 746.3223521890634]",19.568491847085287,"[3410.2118242578667, 668.439840931674]",26.874257424387032,True
96,1182,192,385,0.7879896759986877,YOLO,1748,307,0.7726454138755798,YOLO,"[-4829.305911165592, -1153.3761399907407, 5537.046320910817]","[415.7270956641145, 736.6529047301087]",16.462925782346712,"[3533.093072896746, 662.6479566565691]",22.220454828920012,True
97,1183,142,384,0.8269013166427612,YOLO,1751,307,0.4,LK,"[-4688.913409981028, -1141.403170397, 5134.139324252307]","[344.35392286916436, 713.7529802227698]",24.81218534250205,"[3557.7406876571577, 682.4117216623547]",29.488774476604657,True
98,1184,93,382,0.8395137786865234,YOLO,1751,307,0.3,LK,"[-4565.113916369355, -1134.6009990654043, 4803.5998890886785]","[279.9774323987454, 691.0703127424235]",31.540061658276787,"[3572.111221221011, 696.4813903335596]",33.67234470005055,True
100,1217,876,533,0.3,LK,1880,502,0.7117863297462463,YOLO,"[935.0732999227789, 189.20627117550063, -9099.95860360368]","[1751.8767592155823, 1043.0432570303417]",-12.754877096350668,"[3714.598605617645, 994.3230942659692]",-8.214899018334158,False
103,1296,56,150,0.6335399746894836,YOLO,1842,262,0.3,LK,"[-4368.52337394313, -1820.1488806232858, 4259.01726873672]","[149.11243586852353, 378.70636933823255]",15.39491161936608,"[3601.3218782123354, 505.4257554332707]",13.05692514367317,False
106,1299,252,184,0.8769175410270691,YOLO,1612,309,0.7462220788002014,YOLO,"[-3150.483936665282, -1716.7634430225664, 3919.0457663708175]","[534.3170257661372, 361.23418387320316]",7.722351987387501,"[3244.396421990149, 624.2765453133111]",4.898395204794183,False
107,1300,312,195,0.8419837355613708,YOLO,1611,309,0.4,LK,"[-3178.3797287161838, -1733.9283089442856, 4151.837761984411]","[600.9225254822894, 394.6124724984863]",4.8240484142615685,"[3211.4275350675243, 615.3620203043093]",3.2284311030363186,False
108,1301,370,207,0.7994077801704407,YOLO,1611,309,0.3,LK,"[-3222.681279961184, -1749.7634263323826, 4423.371309651711]","[665.1367423781231, 430.6531432684518]",19.680531321368786,"[3174.840929163772, 604.9360210076322]",14.03389160250579,True
117,1310,792,310,0.8260898590087891,YOLO,1323,384,0.4,LK,"[-964.2131837209, -1360.9078892673965, 4771.509974499025]","[1579.3996271576675, 610.9762000730144]",3.78670152040507,"[2636.747618540224, 777.6694347151057]",2.3080972346932933,False
118,1311,832,322,0.8319839239120483,YOLO,1323,384,0.3,LK,"[-755.2145104085845, -1320.170151057009, 4614.512969036893]","[1646.1119223503838, 609.5455604927525]",11.571131293802152,"[2630.1141562312773, 790.9752090004721]",6.5514284864619965,False
119,1312,869,334,0.8639390468597412,YOLO,1260,406,0.6975484490394592,YOLO,"[-557.302909558878, -1247.3064710578517, 5136.342176078924]","[1741.898284174188, 680.2183196445708]",3.4571331710669946,"[2517.6539267978114, 807.614118370214]",2.2286214709063485,False
120,1313,868,339,0.4,LK,1260,406,0.4,LK,"[-568.7961398750563, -1232.3790133733803, 5151.1826630712985]","[1738.5665449165124, 686.0966039386448]",2.135867856567907,"[2516.847466631075, 810.1195797019582]",1.3814789227827935,False
121,1314,939,356,0.8881463408470154,YOLO,1260,406,0.3,LK,"[-173.00144842974578, -1167.365869267888, 4859.733816064345]","[1868.498327289813, 684.5117253359087]",8.970877114292994,"[2510.406711392405, 830.129325982302]",5.128068944857091,False
130,1330,1374,541,0.7241666472762568,BG,1024,514,0.7114959615650317,BG,"[2849.2183026516363, -10.779680331823236, 6123.981640582768]","[2738.2606775568784, 1074.1410887812378]",2.9589376431044347,"[2047.984729673057, 1032.460505586634]",1.7015334095750845,False
131,1331,1395,553,0.7571866572491892,BG/YOLO,1007,526,0.7205669966849179,BG,"[3068.1254076436576, 120.19912124640122, 6276.652029766015]","[2779.173488325562, 1108.308687055863]",0.9627667591636182,"[2013.8972734068798, 1050.600415683371]",0.5598877523815365,False
132,1332,1416,565,0.8140173286088539,BG/YOLO,998,532,0.6680606979739152,BG,"[3246.3692310198776, 212.68340982555134, 6333.290825409143]","[2820.4556912287653, 1131.8899148691003]",0.9111409057789923,"[1995.9077901350754, 1062.6851159127198]",0.5277715367291501,False
133,1333,1436,576,0.754636104323805,BG,989,538,0.6689953564557831,BG,"[3422.5810398854674, 303.09146267794057, 6394.428040763101]","[2859.799491952028, 1154.4676586356968]",1.2388038906303924,"[1977.880251989098, 1074.228043779729]",0.7155036529779989,False
134,1334,1456,588,0.6908390309388196,BG,981,543,0.6407828274071444,BG,"[3596.2286624290978, 392.0380675393425, 6444.155325528964]","[2899.4211625843795, 1176.4235413288013]",0.5407180503567999,"[1961.9428606427487, 1085.2361075715423]",0.3108453566039304,False
135,1335,1475,600,0.8009034265817658,BG/YOLO,972,549,0.6683749941974539,BG,"[3774.637296497718, 490.4727101837825, 6510.920891365929]","[2937.0677312495177, 1200.107599483232]",0.5124964424007099,"[1943.9427658965237, 1097.2859540607817]",0.29406145694133584,False
136,1336,1493,611,0.7458723870068176,BG,965,555,0.6449160528303446,BG,"[3936.1873076054, 586.0321050004668, 6557.305968646239]","[2972.729091272039, 1223.0490701217602]",0.9701271363519413,"[1929.881212360755, 1108.6660470112647]",0.5542440855570295,False
137,1337,1511,623,0.7112408117324913,BG,957,560,0.7126537717491253,BG,"[4108.851509349262, 680.5403036447995, 6616.18938199716]","[3008.7710313777607, 1245.0900496626982]",0.2575983778770857,"[1913.9627458703862, 1119.6559016405442]",0.1467698972794897,False
138,1338,1529,635,0.7009151695026019,BG,957,560,0.4,LK,"[4220.9898416037395, 733.03204546183, 6571.3208490985335]","[3045.768629374353, 1259.290017112156]",3.636864102167659,"[1914.460766595359, 1124.912630346868]",2.038723878474649,False
139,1339,1548,647,0.8034710884094238,YOLO,941,572,0.7785730219145969,BG,"[4471.980330677251, 891.6058082908675, 6738.408153724836]","[3082.7924103651926, 1293.2229050293936]",0.4223420315258103,"[1881.9246240963778, 1143.4545779264974]",0.23918852897758633,False
140,1340,1564,659,0.8134523630142212,YOLO,935,577,0.6473589826355701,BG,"[4626.339690966132, 990.4032022912195, 6780.8145431321]","[3115.1161624164392, 1315.6783456347378]",0.18084784357904715,"[1870.0118537635058, 1154.2550270689783]",0.10200033460995922,False
141,1341,1561,658,0.4,LK,935,577,0.4,LK,"[4607.202532560907, 985.5502563259047, 6787.691240137256]","[3109.019797445167, 1314.268307976488]",0.06731504203201827,"[1869.9731745036866, 1153.92930750374]",0.03806453032759239,False
142,1342,1593,680,0.6079390248693466,BG,921,589,0.6737651151184011,BG,"[4941.415455919589, 1198.0405491431377, 6905.005412120975]","[3173.045956063327, 1360.521083381947]",1.0646802368125208,"[1841.7932514349354, 1176.6551617228852]",0.5992459023137948,False
143,1343,1611,694,0.6830350448606927,BG,915,595,0.8085181381420813,BG,"[5117.112429318211, 1319.7998998072396, 6947.53521729625]","[3209.3544622931454, 1387.4222917013149]",0.6233921011785825,"[1829.864019254811, 1189.2307070671454]",0.3489265979310409,False
144,1344,1623,694,0.7722007869964467,BG/YOLO,910,594,0.4,LK,"[5243.642296333647, 1320.944374712452, 6986.988072813318]","[3233.5801422193517, 1385.9372034790179]",0.04559962020003642,"[1819.9853170652684, 1188.0778394589092]",0.025472319322636744,False
145,1345,1630,683,0.8631453160654202,BG,907,591,0.8061450660379307,BG,"[5316.768343392142, 1252.96502089189, 7013.181222399612]","[3246.8196293182464, 1368.9449623435057]",2.0432073177029917,"[1813.6313267751007, 1179.4609624297218]",1.1406260871030203,False
146,1346,1638,673,0.7146315574645996,YOLO,904,586,0.8323186919600187,BG,"[5397.132813292863, 1172.4064163732103, 7034.151285320064]","[3262.734877951524, 1349.3613226067298]",2.1563676351164878,"[1807.635943007808, 1169.3293137269247]",1.2018213744196282,False
147,1347,1645,664,0.4,LK,902,581,0.8983534868245349,BG,"[5461.3599531663795, 1094.3828168278662, 7043.732543112126]","[3276.756958519808, 1330.8910372086862]",1.8914914810510217,"[1803.6978992677587, 1159.6666952004737]",1.05165666357903,False
148,1348,1652,656,0.7154380083084106,YOLO,902,581,0.4,LK,"[5505.609702573619, 1060.4061445055474, 7033.201570969866]","[3289.6986427103416, 1323.3774953657385]",5.50055018042456,"[1803.1666389983625, 1155.1976952777325]",3.0428386559646303,False
149,1349,1645,657,0.4,LK,901,581,0.3,LK,"[5470.567356936886, 1064.3071810901192, 7059.609538093259]","[3275.993710185495, 1323.3588557819103]",4.661254722623134,"[1801.2894955430827, 1156.2204051789392]",2.596459480473722,False
153,1353,280,454,0.5097341537475586,YOLO,887,554,0.6587925570046589,BG,"[-9127.672657658963, -862.4178828188594, 11482.625092628428]","[549.9093925152838, 954.2937677889709]",32.57822753181979,"[1798.1904961295488, 1426.968605460686]",231.23335339499138,True
154,1354,288,455,0.6737651151184011,BG,885,551,0.4,LK,"[-8980.953860433956, -843.9263063982784, 11435.229944482813]","[566.4688077055922, 956.4274096620455]",32.503012129148715,"[1794.8767747753345, 1451.5992263087044]",252.3069815606468,True
155,1355,288,455,0.4,LK,883,549,0.3,LK,"[-8975.299846379155, -841.3478781501709, 11428.995884752665]","[566.5839704463367, 956.7302691770667]",32.68740591677953,"[1790.0262161220219, 1451.402126193387]",254.85586958414046,True
164,1381,484,524,0.6915631377813787,BG,858,507,0.8001063703614794,BG,"[-5842.175121567374, -267.63986435191765, 10582.014775053334]","[971.5908897840678, 1035.6903268812523]",8.148557529441804,"[1716.5356849209595, 1096.3039185038822]",54.77605200577972,True
165,1382,489,526,0.5558684673278287,BG/YOLO,865,503,0.7382922197978818,BG,"[-5762.897453600234, -257.536789903419, 10547.90948431215]","[981.5428556295681, 1037.1217884934224]",9.761784710245271,"[1730.0502699630676, 1099.7488072961864]",62.19991196419116,True
166,1383,1732,500,0.6875466108322144,YOLO,873,499,0.7114959615650317,BG,"[6313.562100052829, -321.0973801860402, 7225.750304197124]","[3447.6486656450816, 1004.4058600182303]",1.4909917376916244,"[1746.0733232952493, 996.2969570527904]",0.8115015805748582,False
167,1384,502,534,0.7480139127517623,BG,880,496,0.7176767676094518,BG,"[-5561.468876290045, -211.09062576245006, 10462.547532463432]","[1007.234751842294, 1044.0500578389572]",15.420319926199706,"[1758.6586454603466, 1123.5769891284992]",86.62164415264543,True
168,1385,508,538,0.8867595835457189,BG,888,492,0.7382922197978818,BG,"[-5467.811299799744, -189.4894467213411, 10418.24469275155]","[1018.9206367010514, 1047.2977954730486]",18.351139884955494,"[1773.5609020447248, 1132.732732316691]",97.51626160011497,True
169,1386,1670,478,0.8321080207824707,YOLO,896,488,0.6683749941974539,BG,"[5648.760994437369, -501.70239110429276, 7024.659453939428]","[3326.739897880154, 960.3169465725886]",1.3340756481237517,"[1792.0788367351365, 974.4187871065419]",0.7345946850816839,False
170,1387,1648,470,0.736083420460396,BG/YOLO,904,485,0.7176767676094518,BG,"[5422.218997567534, -556.4334983149735, 6960.583407945621]","[3283.0760822097714, 946.3945244297561]",2.1537423645116913,"[1808.1102862447483, 967.3609085978918]",1.1918582851058146,False
171,1388,1627,463,0.7152848834603881,BG,912,481,0.6664141413516337,BG,"[5206.095544468257, -613.6569146165888, 6897.065556334094]","[3241.1182159231766, 931.6346548952124]",1.7571633626469254,"[1824.1073862231517, 959.8371138615347]",0.9766162664844937,False
172,1389,1605,457,0.7168636611613539,BG,921,478,0.685223306132241,BG,"[4978.760861655526, -656.4124218473193, 6825.245270129162]","[3197.0703746030617, 919.8689519401144]",1.7744912391360952,"[1842.1146526012872, 953.7864785179273]",0.9899817003918936,False
173,1390,536,557,0.7398388380432517,BG,929,475,0.708294239616913,BG,"[-5028.999433779789, -93.71162757645607, 10176.939221052853]","[1072.187749344629, 1061.9710889828561]",32.33847283919141,"[1848.5452134127042, 1161.082361755674]",135.31729880490224,True
174,1391,1560,444,0.6772362715529212,BG,938,472,0.6400768631214537,BG,"[4541.954033866741, -744.0399976379459, 6703.091256579275]","[3106.9924490316635, 895.6443783941633]",2.314926683585091,"[1876.164836666947, 941.0158161781808]",1.3050593038842484,False
175,1392,1537,438,0.6723318638770789,BG,947,469,0.6935989106655485,BG,"[4323.591776732391, -783.8300930046347, 6640.24391536032]","[3061.023145324905, 884.1364101701881]",2.41196291324856,"[1894.1819929770663, 934.8527013473853]",1.366651986013843,False
176,1393,1514,432,0.6991387904910565,BG/YOLO,956,465,0.6683749941974539,BG,"[4110.082146245717, -830.2793644604561, 6579.871474402091]","[3015.048392715807, 870.8317922348583]",1.784384054364349,"[1912.1412794570292, 927.6888997871877]",1.0162584472680516,False
177,1394,1490,426,0.6954067702732598,BG/YOLO,965,463,0.6391923625811166,BG,"[3895.9870724083075, -860.837524659371, 6523.316324479313]","[2967.4589546314232, 861.3898455414698]",2.711075613105572,"[1930.225990213346, 922.3772900685228]",1.553749481818252,False
178,1395,1466,421,0.7644509943121871,BG/YOLO,975,460,0.6985639785016515,BG,"[3679.501338108625, -892.9983895151415, 6457.5108333717335]","[2919.810564887704, 851.0545568800122]",2.487346709520942,"[1950.2075713710285, 916.6631459032774]",1.4321644310010144,False
179,1396,1441,416,0.7031742782781688,BG,985,457,0.6985639785016515,BG,"[3462.454261062162, -924.4988061921074, 6396.490884186227]","[2870.3247474240084, 840.8521140699653]",2.32928639632404,"[1970.1875656245766, 910.8668558174227]",1.3488319508368296,False
180,1397,1416,411,0.5792800302859826,BG/YOLO,995,454,0.6188143483889068,BG,"[3250.602466503407, -955.3382182912417, 6337.868169933385]","[2820.972707745796, 830.7168193509369]",2.211596484039796,"[1990.163593259998, 905.0233507611385]",1.2882437275176337,False
181,1398,1391,406,0.7292602088931973,BG,996,454,0.4,LK,"[3096.87161359153, -975.419275526623, 6386.7285931719]","[2772.359403007961, 827.4635032351605]",4.8377322136968255,"[1992.5044270312426, 901.1012806589432]",2.881956730277461,False
182,1399,1365,402,0.6660119828354895,BG/YOLO,1021,456,0.3,LK,"[2805.5659497401602, -948.8151578201856, 6155.547189356254]","[2721.8026921053233, 825.153205931573]",6.801865130053537,"[2042.6785424686739, 902.0696644052599]",3.972775707543837,False
185,1402,1338,396,0.3,LK,1050,443,0.8061450660379307,BG,"[2499.333371684107, -1026.8009395422027, 5894.292926700332]","[2666.662710936326, 792.3707953834056]",1.0120622169904772,"[2099.3657716598177, 888.0103841042608]",0.5743240438221572,False
186,1403,1257,388,0.718343198299408,YOLO,1049,442,0.4,LK,"[2045.0244517251538, -1071.6887169822248, 6130.662254216397]","[2509.5863459398274, 791.3815383180414]",4.739263563262704,"[2098.4591990201993, 876.9189956848976]",2.9387839912339455,False
187,1404,1228,384,0.4305326342582702,YOLO,1049,442,0.3,LK,"[1872.3092704541243, -1090.093442476218, 6214.195016000308]","[2453.5344436099135, 790.3816780658982]",7.5426940087869365,"[2099.0248282646667, 872.209965095855]",4.834365317389279,False
195,1424,569,410,0.4,LK,1426,453,0.8144819140434265,YOLO,"[-2135.321401114513, -680.4726825719483, 4749.12183914588]","[1149.5198923482162, 842.8918145589749]",6.55585125706709,"[2850.9203387945295, 893.3515965354078]",4.620621545531465,False
196,1425,569,410,0.3,LK,1451,458,0.764754056930542,YOLO,"[-1870.2497003699805, -612.6819790493919, 4148.776654730708]","[1147.486398597967, 835.7122787994492]",3.8460835229459445,"[2899.05928417529, 909.9148423074658]",2.217783740972497,False
197,1426,440,433,0.8415135145187378,YOLO,1449,457,0.4,LK,"[-3902.6589212381878, -682.7933510966283, 6567.294220702082]","[898.3578635379265, 907.1326635318584]",17.29668251557072,"[2914.642721931817, 860.1348739494725]",24.870115656880962,True
198,1427,439,434,0.4,LK,1503,468,0.5603838562965393,YOLO,"[-2772.3356173625616, -524.2635497892877, 4650.252569464002]","[895.0374362188475, 892.8025415007158]",7.92854339878932,"[3011.764855965029, 920.4354225396049]",5.90777031467118,False
199,1428,346,452,0.854708731174469,YOLO,1502,468,0.4,LK,"[-7120.94348282298, -743.50817246258, 10231.304565748427]","[721.6825795809311, 958.2748486980286]",38.95471023468153,"[3582.140025182857, -25.552403923862144]",725.2067467562599,True
200,1429,296,462,0.6881979703903198,YOLO,1502,468,0.3,LK,"[-21483.983254900177, -1457.7147082018748, 28632.069452434323]","[627.2986789158708, 993.8273148072803]",140.12554537860004,"[2934.793010523129, 1043.9246495773384]",224.00237916003454,True
203,1432,149,497,0.8393521308898926,YOLO,1653,502,0.4339936673641205,YOLO,"[-2915.0817327879704, -135.04599599186733, 3101.464270964549]","[298.1203957947467, 1005.86873178377]",2.118014137239316,"[3308.46244380713, 1000.619993247223]",0.9887289681401953,False
204,1433,97,511,0.8378792405128479,YOLO,1648,503,0.4,LK,"[-2591.858113222318, -86.0782011040391, 2611.779707191447]","[207.00778993874445, 1023.1645555342711]",0.016809803791589632,"[3298.3196530183036, 1007.6318613701433]",0.0061882303443504365,False
205,1434,43,525,0.8739617466926575,YOLO,1726,521,0.69700688123703,YOLO,"[-3618.715581105293, -14.422940699553036, 3477.7301126156012]","[123.36292742624349, 1070.2407570977093]",4.076036525045838,"[3454.7269653508815, 1033.3569973652436]",2.3976010956124862,False
206,1435,32,530,0.8085181428902573,BG,1739,526,0.7984272359164586,BG/YOLO,"[-3739.6856696318764, 12.016639336441946, 3563.340711820454]","[107.8222250935978, 1082.527639464191]",4.721752798105955,"[3480.043065480787, 1041.4882559584412]",2.911228334021314,False
210,1533,37,389,0.8152908086776733,YOLO,1887,358,0.8398876190185547,YOLO,"[-4843.995494816474, -907.4706291133231, 4676.968520513597]","[131.74502352909258, 759.9733673687564]",8.401716370577914,"[3725.2995054431826, 757.9631341595635]",8.943013203623083,False
211,1534,84,389,0.8041741251945496,YOLO,1852,360,0.825807273492438,BG/YOLO,"[-4798.326607796779, -927.1409530908753, 4818.811265191245]","[201.14410730843278, 762.6356686531161]",6.781218696361363,"[3674.2431788358035, 752.4155915460977]",7.443016659879842,False
212,1535,83,388,0.4,LK,1768,363,0.8369409441947937,YOLO,"[-4347.2255009356995, -934.1490989647662, 4417.76200355869]","[221.4888869300089, 731.5036567045839]",16.004058226409583,"[3555.5192340155318, 773.3065978975035]",14.461186285099082,False
213,1536,83,388,0.3,LK,1713,366,0.7625335454940796,YOLO,"[-3988.2290541838784, -932.7186801152251, 4121.462016196277]","[249.8990397431921, 707.2311067643716]",24.08964459452331,"[3473.5667737084536, 788.8259549893654]",18.912512835708366,True
217,1540,327,403,0.7756350040435791,YOLO,1523,381,0.832915723323822,YOLO,"[-4493.835184733536, -988.4321281627724, 6461.120389423433]","[722.5094527601947, 827.0458961256957]",29.436745169820103,"[3153.294874557991, 731.8368510634235]",46.87864828991305,True
218,1541,326,402,0.4,LK,1482,385,0.8446476459503174,YOLO,"[-5270.569461381498, -1019.8218025113706, 7619.543481979431]","[729.1123081448524, 858.318376339781]",45.05121998691519,"[3161.3232509250875, 639.3104771258521]",116.14596995509677,True
219,1542,394,408,0.7950153946876526,YOLO,1444,389,0.6900387406349182,YOLO,"[-4727.710008945038, -1001.82624828215, 7443.924313736087]","[827.414091191483, 857.1089284237497]",25.48672506505366,"[2961.99898981203, 698.7816575128351]",53.59277180234846,True
220,1543,425,411,0.7823473215103149,YOLO,1443,393,0.4,LK,"[-4222.34016977868, -972.7604802127997, 6950.849271714436]","[875.435361234075, 848.3419492320628]",14.702407800753509,"[2918.117400780449, 747.7119749150914]",24.432561164015965,False
221,1544,455,415,0.7385855317115784,YOLO,1443,393,0.3,LK,"[-3807.134874907054, -951.8969518582234, 6546.928690040013]","[920.4852510406917, 839.4407161514473]",4.510226899977772,"[2890.3096441555967, 777.4219954534016]",6.239973249888666,False
222,1545,454,414,0.4,LK,1336,404,0.8302398324012756,YOLO,"[-4649.038280459757, -988.426928381743, 8078.233529499867]","[930.9268082924185, 877.0866091442366]",25.605619711780644,"[2714.2179449944847, 700.6019246195744]",61.02919460864125,True
223,1546,512,423,0.625419557094574,YOLO,1304,409,0.7997378706932068,YOLO,"[-3934.078046302269, -939.2144769082519, 7657.757718692435]","[1038.1838709901656, 876.609574871747]",14.48690549032139,"[2621.4999265900396, 768.520004871821]",26.585327814528664,False
224,1547,539,427,0.7100372314453125,YOLO,1273,414,0.6948369145393372,YOLO,"[-3720.2289811420983, -918.8586810720562, 7685.8978344345915]","[1089.7673826991015, 881.6708980444666]",12.858192813992167,"[2555.129594143312, 785.2622554986533]",22.708713219666404,False
225,1548,566,432,0.7924309968948364,YOLO,1277,410,0.4,LK,"[-3356.3929567919336, -904.6731703046858, 7368.806344405141]","[1139.3398839143226, 876.4103987549049]",5.218664273182376,"[2554.5514356029503, 805.7642024241818]",8.018623652043464,False
226,1549,565,432,0.4,LK,1277,410,0.3,LK,"[-3369.366790839729, -904.6804039248234, 7379.570422199531]","[1137.440635347585, 876.7014087507706]",5.363919201469842,"[2554.7185972605166, 805.2527924941928]",8.280305804551642,False
227,1550,566,432,0.3,LK,1189,431,0.8065804839134216,YOLO,"[-3738.8918718259724, -884.0330033733248, 8239.69269389785]","[1142.3280085334188, 901.7064640094227]",18.56411744549482,"[2388.924463133078, 793.4470434792314]",36.938592187117216,True
230,1553,683,455,0.7602949142456055,YOLO,1161,436,0.3,LK,"[-2453.096714073152, -763.9506607496186, 7579.671519437598]","[1368.2962565316896, 912.3276829128156]",0.7048745278878635,"[2320.317058475479, 871.110205359401]",0.9683809503287127,False
231,1554,683,454,0.4,LK,1092,456,0.5461894273757935,YOLO,"[-2649.305814771037, -730.2350595253265, 8213.969745516339]","[1370.215093681921, 931.752339879582]",11.539772532130707,"[2186.801563493847, 876.8692058299448]",18.534047782110985,False
232,1555,682,454,0.3,LK,1092,456,0.4,LK,"[-2660.7438102799415, -730.3125475911003, 8220.435582902624]","[1368.239385190543, 931.8511964937157]",11.596789187119931,"[2186.8279921542216, 876.6075606717699]",18.684736359018874,False
233,1556,744,471,0.7058131232741089,BG/YOLO,1092,456,0.3,LK,"[-1995.6938728361852, -642.1999856982965, 7855.436206278284]","[1489.141398658001, 943.4342765073158]",0.46997021191281624,"[2183.328472328518, 911.2529950921192]",0.6338913355937332,False
235,1558,782,482,0.7139564957433439,BG/YOLO,1008,481,0.7100048214555488,BG,"[-1771.0701558883961, -522.5707009186511, 8418.470604824599]","[1564.9828677215146, 975.5880713899433]",5.818920687320227,"[2016.5348936207213, 946.27365770559]",8.406367409194669,False
236,1559,799,488,0.7198728073213279,BG,989,488,0.7467694369930244,BG,"[-1625.0762706155501, -469.27020029313644, 8508.428151497912]","[1598.642572483641, 986.8965292302622]",5.557172345776024,"[1978.3517340791268, 961.1853590285641]",7.977451138906875,False
237,1560,817,494,0.6910187703579639,BG,971,494,0.7213958715031694,BG,"[-1463.813126270508, -417.93335914656916, 8589.156434942375]","[1634.364129046335, 997.5098598658252]",4.914222102670386,"[1942.1871233330387, 975.1285367285468]",6.984326923185007,False
238,1561,834,500,0.7592324496412248,BG,953,501,0.5907233535801565,BG/YOLO,"[-1310.209143226908, -361.32447590847306, 8678.412459540661]","[1668.1442189663264, 1008.9860697446101]",4.712457179776023,"[1906.0429437851806, 989.8529760573989]",6.6497649064628455,False
239,1562,850,506,0.6336899192819934,BG/YOLO,937,507,0.7512407249471045,BG,"[-1161.5584626903062, -306.74385824376367, 8757.7684077591]","[1699.995398144324, 1019.7859975891397]",4.132688419142241,"[1873.9373806667002, 1003.5234886372104]",5.785425119424333,False
240,1563,865,511,0.6987366796701391,BG,921,514,0.7127155637728426,BG,"[-1020.9871059628821, -252.44977071343953, 8844.336614337954]","[1729.8505054393304, 1030.3770469853855]",4.505518202017007,"[1841.8089892942446, 1016.7491950862423]",6.273582168043764,False
241,1564,881,517,0.7450035032560643,BG,905,521,0.7292189696462564,BG,"[-866.9648161580366, -190.87792874554205, 8930.861996541307]","[1761.7414726583195, 1042.0941457069143]",4.405772995510497,"[1809.7035075564545, 1031.189198774807]",6.090923098110068,False
242,1565,896,523,0.7438366870907148,BG,889,528,0.7033240071530216,BG,"[-720.552097145595, -127.95244602057856, 9024.074605072576]","[1791.657815871891, 1053.8488523547085]",4.3233487820303065,"[1777.614468918733, 1045.5629038891284]",5.947791738401886,False
243,1566,911,530,0.6683749941974539,BG,875,535,0.7736206642719934,BG,"[-569.7151267740993, -57.10921893063953, 9103.060376237529]","[1821.6355361665787, 1066.7662248735248]",3.763264659856383,"[1749.5952002243384, 1061.0763943405036]",5.137541253901024,False
244,1567,924,536,0.7332516056069041,BG,860,542,0.763334476998128,BG,"[-438.25270849037673, 8.7027381714254, 9199.450011792116]","[1847.5900970836142, 1078.5630888311307]",3.691197938519776,"[1719.5517378269208, 1075.3694164678443]",5.028039759228741,False
245,1568,938,542,0.7086539075806999,BG,846,549,0.6228689525192876,BG/YOLO,"[-292.9317938274279, 76.61338949460036, 9287.13752429731]","[1875.5440365905977, 1090.4968280254523]",3.690577599469032,"[1691.5163327548446, 1089.5060946246463]",5.0006096080281495,False
246,1569,951,548,0.756715656986325,BG,832,556,0.7546169342021887,BG,"[-155.652468831696, 145.7424429174284, 9380.12896025127]","[1901.5017517706171, 1102.405321939639]",3.6771537621329426,"[1663.5006936719885, 1103.654752716102]",4.965710625456174,False
247,1570,964,554,0.7607194515595167,BG,819,563,0.7298131185487869,BG,"[-15.634361314517951, 216.62196668362145, 9467.001200934861]","[1927.4500518341893, 1114.4061061667574]",3.71508173194555,"[1637.4896947934317, 1117.6853075449528]",4.994013058194397,False
248,1571,976,561,0.7486279224055142,BG,806,570,0.7215195799171936,BG,"[116.51446921047422, 294.7253472854606, 9558.220964356959]","[1951.4864735455558, 1127.4012145875097]",3.167697619675777,"[1611.6095660485016, 1132.9999136380889]",4.245947811577856,False
249,1572,988,567,0.6981495332093393,BG,794,577,0.7488728513810099,BG,"[250.4742760245406, 368.4521453249283, 9643.286726253671]","[1975.4231221860248, 1139.4493314534514]",3.2323897921323246,"[1587.6249687373563, 1146.9389661295818]",4.315540420337307,False
250,1573,1000,573,0.6863827583780918,BG,782,585,0.7918819624601455,BG,"[386.28619417365223, 448.4840921716055, 9731.519965501544]","[1999.249328440786, 1152.3212577185095]",3.795206295837448,"[1563.5301081345797, 1161.798799424747]",5.048135862562632,False
251,1574,1012,580,0.650069349514496,BG,777,585,0.4,LK,"[525.2816982644773, 498.211498310668, 9752.658854408583]","[2023.84942223777, 1160.4895539438019]",0.3255492516769136,"[1554.361035699151, 1169.2998247335083]",0.427300862806067,False
252,1575,562,487,0.6608037634475082,BG,759,600,0.7881059163488464,BG/YOLO,"[-4977.1711479958985, -378.24253616812814, 10680.92790988721]","[1121.1058403596526, 1019.1527481058192]",29.28509594938441,"[1494.1048755419424, 998.2340383619068]",136.62862543483084,True
253,1576,561,486,0.4,LK,747,607,0.7437641263791115,BG/YOLO,"[-5012.890777431942, -379.68694772252917, 10722.284049660368]","[1118.441926183486, 1019.1558156048568]",30.752442537679226,"[1467.0239913911946, 998.0697498359913]",146.8906952840372,True
254,1577,584,492,0.6400768631214537,BG,736,614,0.544348634835354,BG/YOLO,"[-4731.082776757159, -310.69018970241444, 10723.597568007148]","[1164.1767408521998, 1029.6762140830863]",29.86324991337845,"[1447.354664578359, 1039.3866944913154]",128.40460503795586,True
255,1578,594,495,0.685223306132241,BG,725,622,0.7329145714968639,BG/YOLO,"[-4621.750127831598, -271.56699806239817, 10749.394412049838]","[1183.6779580905743, 1035.7368756115175]",30.044649930143233,"[1424.7894260229625, 1060.9536937769374]",125.01668670134603,True
256,1579,604,498,0.6422939496047868,BG,150,551,0.8399544551501442,BG,"[-4984.1513740406135, -445.7558248607743, 12020.628440807217]","[1210.2842291254797, 1016.4244931727986]",14.603328584675582,"[285.86299491259945, 977.811038002587]",96.1542847646658,True
257,1580,614,501,0.6985639785016515,BG,705,636,0.63712881480674,BG,"[-4400.420640306908, -193.60852065314373, 10800.353317310522]","[1222.7876945087512, 1047.7260712530037]",30.31023756158722,"[1384.275636435861, 1099.68166420664]",118.41486176227926,True
258,1581,623,503,0.7689393938672696,BG,695,644,0.6001223219087714,BG,"[-4305.359601707677, -159.91038037896126, 10831.385289195563]","[1240.0555559698767, 1052.8936130188408]",31.25016281968915,"[1363.007049361157, 1115.1983115057308]",119.19859031421389,True
259,1582,623,502,0.4,LK,688,642,0.7140165558333539,BG,"[-4313.352466704478, -172.71617078807955, 10853.904356606114]","[1240.2088655758275, 1051.0158201834222]",31.368914350435393,"[1349.4157031869106, 1109.4971844246597]",120.56389009470797,True
260,1583,623,506,0.3,LK,684,635,0.8192983847954608,BG,"[-4305.999851911867, -157.8590940844902, 10859.535957332799]","[1241.7425079781842, 1053.2647978189316]",27.48099928859526,"[1346.2381680320925, 1117.140550737542]",105.52774176127366,True
267,1590,1127,587,0.6063886036065611,BG,661,602,0.3,LK,"[1983.8585154951536, 700.3044267692652, 10726.108888636978]","[2251.5043784553777, 1183.7005108034575]",6.61021464983215,"[1322.1461886992624, 1191.5136429154597]",8.454635788770526,False
276,1600,727,535,0.6449160607605229,BG,614,549,0.7259221076965332,YOLO,"[-3026.2922941719785, -88.45925931646048, 11066.828527436614]","[1455.4460282320204, 1063.9564665447529]",4.127972419008313,"[1230.7977086926496, 1115.314254511132]",11.808689617400317,False
277,1601,726,534,0.4,LK,610,546,0.4,LK,"[-3043.6024180378254, -103.95475301562318, 11083.593434685521]","[1453.452197066314, 1061.6918010903187]",4.317383657142146,"[1222.8060959898926, 1110.2240521085075]",12.438029583654364,False
278,1602,726,534,0.3,LK,606,544,0.3,LK,"[-3048.1941919151354, -109.55937865977175, 11100.751599262863]","[1453.4709587184075, 1060.890505299298]",4.8669812016717415,"[1214.8851903682068, 1108.5703235750213]",14.07968278532727,False
287,1628,1173,534,0.6817480478104881,BG,630,528,0.7229108409498487,BG/YOLO,"[2613.4042544676686, -61.02550427268389, 10980.188557852396]","[2343.63707540929, 1067.9359146374593]",0.09270745418721396,"[1261.9541869565842, 1056.659687821697]",0.11560151816809165,False
288,1629,1157,531,0.6792297979160882,BG,652,524,0.6737420937643428,BG/YOLO,"[2365.0527860895113, -102.58962053619183, 10758.518165191934]","[2312.066224509777, 1061.4360666702908]",0.4307280451183187,"[1305.8034034250084, 1049.253498953691]",0.5349601317219405,False
289,1630,1140,527,0.7203281877914343,BG/YOLO,674,520,0.6931806912990526,BG,"[2113.873015680884, -149.48306193621897, 10544.515211303356]","[2278.4475682660245, 1053.8531489771601]",0.16551506495237428,"[1349.584283559762, 1040.7438140230377]",0.20499966769352218,False
290,1631,1122,524,0.7025684027108876,BG,697,517,0.7244098551625564,BG/YOLO,"[1858.7274289392021, -182.5569267279284, 10329.381022148611]","[2242.8036155342, 1048.138768738617]",0.016452513724560837,"[1395.334407431316, 1034.3642762119948]",0.020322445000691483,False
291,1632,1104,520,0.6628594514686413,BG,695,517,0.4,LK,"[1651.3560226833258, -211.63367159509417, 10362.780825832084]","[2207.045936464964, 1043.6470414696207]",2.2341106814912988,"[1391.2867770152811, 1030.0569692449878]",2.8342779192976106,False
292,1633,1086,517,0.6340062955329218,BG,746,510,0.6125059286347665,BG,"[1372.9785879339995, -255.71355804294197, 9891.67536492614]","[2171.354320756639, 1034.7762150504411]",0.4042233060907122,"[1492.813549607967, 1019.5159869181365]",0.4946382850406956,False
293,1634,1066,514,0.6381278871217656,BG,771,507,0.558139421522202,BG/YOLO,"[1122.0839464591998, -284.5676879228132, 9681.868865450902]","[2131.5767161875206, 1028.9911719685576]",0.5314142796153031,"[1542.5851212089515, 1013.1980416426061]",0.6484418220027606,False
294,1635,1046,511,0.6711515755868126,BG,797,504,0.628948176481618,BG/YOLO,"[880.2944055412058, -311.9538161275605, 9469.846822734087]","[2091.7439981962343, 1023.1905014433747]",0.6447551814557799,"[1594.3896991667675, 1006.8978474335943]",0.7833648234224283,False
295,1636,1039,509,0.4,LK,823,502,0.677530440343692,BG/YOLO,"[784.3603385965113, -326.2705128615095, 9236.161676241207]","[2077.791017599031, 1019.29581309031]",0.6902058325765265,"[1646.2379810762027, 1002.753621337081]",0.8184652190490982,False
296,1637,1003,506,0.6585774570940999,BG,851,499,0.5903806184551554,BG/YOLO,"[394.36392224481466, -352.2987542368574, 9054.925859253004]","[2005.9491097232897, 1013.4436083038738]",0.7776886033647703,"[1702.1320238374553, 996.4709168221146]",0.9377610713486229,False
297,1638,980,503,0.6910998006543023,BG,851,498,0.4,LK,"[155.76945105547273, -376.15946683323165, 9112.74711032591]","[1960.0018545510961, 1009.5685497147839]",1.9727586872381984,"[1702.155925888363, 991.8146902838707]",2.4693231579998964,False
298,1639,956,501,0.6330509446248137,BG,851,494,0.3,LK,"[-96.66730443794931, -407.992543656914, 9173.720414412006]","[1912.0190913565611, 1004.3468309663316]",1.307569497918177,"[1702.1715618662815, 985.1803875764963]",1.7040842083585874,False
301,1642,904,495,0.4,LK,1002,490,0.6251933609043359,BG,"[-558.7061945561369, -407.8982137343801, 7935.789020489561]","[1808.0585387655408, 993.0301312677418]",1.456349491704286,"[2004.0053388149552, 976.8029668289219]",1.638392199556599,False
302,1643,849,492,0.6014135668320333,BG,1002,489,0.4,LK,"[-1091.882491094969, -433.55295662143567, 8170.1238889557135]","[1698.2388102629616, 990.3081829601618]",3.102554465322133,"[2004.1193924666136, 970.515286649631]",3.8946189091460304,False
303,1644,842,489,0.4,LK,1002,490,0.3,LK,"[-1161.526616521043, -445.6775566585656, 8200.079861358041]","[1684.3378774933797, 988.2089220043107]",5.056456027790304,"[2004.2239042624365, 967.6043664055759]",6.443087428389584,False
313,1654,412,498,0.5840811133384705,YOLO,1508,503,0.8317015171051025,YOLO,"[-4078.7789778515294, -269.0536003701956, 6411.022978359361]","[825.4977296370887, 1008.442791166407]",4.683354419983398,"[3011.2053690720177, 990.880828987404]",6.657007242810446,False
314,1655,357,501,0.7973644137382507,YOLO,1563,508,0.7847017645835876,YOLO,"[-4214.140902644404, -228.9196311162145, 6077.787881099503]","[726.2464210411837, 1015.4728751510878]",6.890678659830759,"[3140.8312491172865, 1000.4169844902502]",9.177789959427583,False
315,1656,294,505,0.8475607633590698,YOLO,1619,512,0.4499663710594177,YOLO,"[-3618.6062582457344, -142.77873484534476, 4674.715634108182]","[586.0838621740551, 1027.1105231353097]",4.865217240512757,"[3241.1733523884564, 1011.725336245051]",4.133032213608921,False
316,1657,233,510,0.7966560125350952,YOLO,1620,505,0.4,LK,"[-2736.589410358365, -101.13936249225365, 3232.116166727722]","[459.99935030360393, 1025.8862813768412]",1.1104996413893813,"[3241.193100292614, 1008.9768600165122]",0.5310160579288473,False
317,1658,165,515,0.8414634466171265,YOLO,1740,525,0.8199535012245178,YOLO,"[-4302.877383222273, -73.85769946045423, 4669.400916994383]","[330.0725937212171, 1051.171756752881]",5.933647216388474,"[3482.618554510692, 1033.3182948457859]",5.640911955993286,False
318,1659,89,522,0.8582605719566345,YOLO,1810,533,0.7675589919090271,YOLO,"[-4557.551443933119, -27.25486229778865, 4563.966894492256]","[196.20307953671536, 1067.259496025005]",6.27292160829716,"[3608.377405140065, 1047.9085390833711]",6.055009436332334,False
319,1660,21,529,0.8067598342895508,YOLO,1809,533,0.4,LK,"[-4342.485129720623, 10.567417556730556, 4102.279329224891]","[92.0793597654821, 1081.2264725648183]",5.579806828441682,"[3606.2466214935957, 1051.4782522180449]",4.511847639389738,False
