Unnamed: 0,frame_no,A1_x,A1_y,A1_confidence,A1_method,A2_x,A2_y,A2_confidence,A2_method,position_3d_pixels,A1_reprojected_point,A1_error_cm,A2_reprojected_point,A2_error_cm,anomaly_detected
0,1021,795,468,0.8080763816833496,YOLO,1023,452,0.502068281173706,YOLO,"[-1864.3065328634257, -484.0727254308621, 7931.310431658029]","[1587.2223263659757, 934.4073687215065]",0.8344187257267268,"[2045.9062117271465, 905.6761288547647]",0.7328338529303627,False
1,1022,813,462,0.4,LK,1008,447,0.4,LK,"[-1665.6171897454321, -537.822965840526, 7813.745396427401]","[1623.8199721500437, 922.0524018239382]",0.9608430437141855,"[2015.9590601325751, 895.9249718245585]",0.8448474756224363,False
2,1023,832,458,0.8238793015480042,YOLO,993,443,0.3,LK,"[-1464.3183770688977, -574.2115262906742, 7703.1931871764555]","[1662.3921371759302, 913.0021167199477]",1.43193219197595,"[1986.0531043037106, 888.8069618437115]",1.2621868510983572,False
5,1026,868,449,0.3,LK,946,432,0.6593547463417053,YOLO,"[-1069.4450420583794, -656.4915356698945, 7310.143720180814]","[1735.6096196304525, 888.8165415962574]",4.1595116543100445,"[1892.6242759283302, 871.9724156480165]",3.573038736677549,False
6,1027,896,442,0.6368238171141964,BG,949,433,0.7722839969901619,BG,"[-838.3984785193841, -685.1457799815197, 7423.431295324369]","[1791.3741484483517, 884.8719008599403]",0.3998726858432945,"[1897.9542660379745, 865.5011696532832]",0.35958689135449584,False
7,1028,896,441,0.4,LK,948,433,0.4,LK,"[-837.428361908083, -689.3523644671777, 7412.552868712269]","[1791.315851184213, 883.7580637057471]",0.8069914884638817,"[1895.897095914235, 864.7244091095876]",0.7244911670892,False
8,1029,956,430,0.7053769327831894,BG,948,433,0.3,LK,"[-315.32584154499057, -742.4305386815527, 7596.836385982194]","[1910.7920485553004, 876.2617371374624]",7.592331941781968,"[1894.8271604729957, 850.7492042140683]",7.480501594716488,False
15,1036,1075,414,0.3,LK,774,406,0.620843231678009,YOLO,"[642.2492138329906, -840.4602322437862, 6297.746277472387]","[2150.671703970166, 819.6539882065044]",3.609291532602077,"[1549.560601385053, 820.5944163202488]",3.118726684031924,False
18,1039,1211,404,0.4385858178138733,YOLO,751,403,0.3,LK,"[1767.9983771803356, -884.5334150052416, 6772.51383621561]","[2416.607324836992, 824.1663581070413]",6.17945572559973,"[1499.207682882974, 791.2391676295506]",6.873533823483887,False
25,1046,1433,404,0.7972566485404968,YOLO,509,403,0.3878092169761657,YOLO,"[2979.8563085973683, -761.5614104184359, 5685.370235438173]","[2856.4036704987125, 818.8665707636904]",2.9351533667190863,"[1007.8320580875156, 800.34438508659]",3.096984783725819,False
26,1047,1470,406,0.8151363134384155,YOLO,385,428,0.8061450660379307,BG,"[2040.0255467883712, -519.6418139168243, 3373.930377536964]","[2991.009000269808, 787.0718442480196]",13.413412544667183,"[778.6207956254352, 872.1534450750447]",6.09006540264572,True
27,1048,1507,408,0.8276271820068359,YOLO,442,406,0.8168757557868958,YOLO,"[3393.8941723133235, -712.0133013461301, 5561.589299377458]","[3000.3618025859037, 828.2592259279653]",3.6695594022733182,"[865.2313711559341, 805.7738239030996]",4.004580781778356,False
28,1049,1545,410,0.8053542971611023,YOLO,441,406,0.4,LK,"[4127.883893917766, -730.890124561955, 6381.238059260135]","[3061.6155508243473, 849.6282195381395]",12.931003323631307,"[838.2027103873206, 776.8327593705696]",20.02459223826363,False
29,1050,1541,413,0.4,LK,373,410,0.6348319607336612,BG/YOLO,"[3334.5151545154076, -645.6998794875502, 4980.413091139602]","[3099.477162656378, 825.6851464131257]",7.770713206114238,"[749.9676198667484, 826.9992125061332]",6.969882593495709,False
30,1051,1541,413,0.3,LK,372,409,0.4,LK,"[3368.666683758807, -650.961883011513, 5025.218141990309]","[3100.8588976107308, 825.8575849637664]",8.253746947398545,"[749.4887448748578, 824.857135065857]",7.5281774267890675,False
31,1052,1666,421,0.8334436416625977,YOLO,311,437,0.658792560873543,BG,"[3077.4013505426087, -451.83568907368226, 3848.7365242624633]","[3316.910429822095, 845.0947274358189]",1.1474142718991607,"[596.5178788763443, 881.1224615642084]",0.746326758918403,False
32,1053,1710,426,0.6688954830169678,YOLO,310,437,0.4,LK,"[2741.9224354116864, -408.227055928304, 3266.8219006727113]","[3383.3410943461104, 833.1107832733894]",6.845920465928066,"[586.2158169750211, 892.4161235685896]",3.5191712242058735,False
33,1054,1755,432,0.8323338031768799,YOLO,207,430,0.8320464491844177,YOLO,"[4084.726766447111, -462.15775792975137, 4533.521555714619]","[3486.457842517237, 869.5854356714309]",1.0768855411211162,"[389.0498618180056, 870.5665050303312]",1.031702789870568,False
34,1055,1755,428,0.4,LK,161,436,0.8388252258300781,YOLO,"[4511.941493417681, -472.80149481807285, 4992.46270576191]","[3491.047533358105, 881.056293160764]",4.996275731941243,"[308.2813254198176, 862.5061845333388]",5.93690448316107,False
35,1056,1795,434,0.7114959615650317,BG,113,442,0.4,LK,"[4641.780450905038, -425.802346857251, 4905.899485697771]","[3561.9512134475526, 893.5885461658371]",4.617614031106021,"[224.52334208032198, 877.4727333330461]",5.512043480757858,False
36,1057,1873,448,0.81476257810559,BG/YOLO,62,451,0.8557973504066467,YOLO,"[4623.492275662111, -331.52190838020647, 4513.5218968237305]","[3692.6865271431375, 914.7311384181322]",1.561228064574903,"[142.94954771769943, 909.5185359882256]",1.6570992337622488,False
37,1161,1763,372,0.8161921501159668,YOLO,117,288,0.8006155490875244,YOLO,"[4919.029059021047, -1037.7158502265327, 5484.224614222107]","[3479.6642899824874, 731.2938178559837]",10.522206631487956,"[215.20302727689136, 625.9714481164127]",15.761860391250478,False
38,1162,1713,375,0.7938171625137329,YOLO,116,288,0.4,LK,"[5140.942939053129, -1042.6033192108587, 6027.4297373123845]","[3406.0779327213145, 757.0296247995572]",0.9265214791387062,"[239.1813657957426, 594.0405079361453]",1.685255078394902,False
39,1163,1667,378,0.6177759170532227,YOLO,116,288,0.3,LK,"[5391.379717820942, -1047.0915411502908, 6645.163455435596]","[3336.531067786427, 781.4384844133842]",9.919812839710795,"[275.4409010383852, 548.3975584141469]",22.654683390371105,False
40,1164,1622,381,0.8009806871414185,YOLO,348,308,0.8567474484443665,YOLO,"[4628.62975682227, -1062.2506092601918, 6352.538633542061]","[3198.2804481548965, 766.1560964177154]",13.942381450814592,"[617.8961080745315, 621.7255614362874]",23.86708033328896,False
41,1165,1578,385,0.8378750681877136,YOLO,414,313,0.8341430425643921,YOLO,"[4663.612955067848, -1062.6510450985154, 6844.799313363629]","[3119.2222488364177, 785.1186678903389]",12.673012692259393,"[760.4520285684994, 608.9734732016731]",24.613592036717254,False
42,1166,1540,388,0.5955636501312256,YOLO,471,319,0.519464910030365,YOLO,"[4564.649953079523, -1061.655752482347, 7109.990408615837]","[3053.4687795535483, 794.5157916299006]",10.32996618044485,"[895.2795617878743, 612.146850878446]",20.890738722204215,False
43,1167,1539,388,0.4,LK,471,319,0.4,LK,"[4551.706825305585, -1062.1467741497804, 7098.688282964699]","[3052.129441976525, 794.0294865140586]",9.96302554155993,"[896.7925864958612, 613.2360687762089]",20.02006611840447,False
44,1168,1539,388,0.3,LK,584,334,0.8516761660575867,YOLO,"[5259.5054511174085, -1048.1945740871488, 8290.380859735324]","[3040.7725389671446, 830.7759679216608]",29.912500622104144,"[1062.6223122939039, 504.90044224022216]",101.91475572796381,True
46,1170,1400,404,0.7307498455047607,YOLO,548,329,0.4,LK,"[3251.8243467762227, -1042.5156250309556, 6451.533543360891]","[2822.82100792753, 775.0687722205013]",18.351079460842577,"[1126.9236011636972, 705.3765323604154]",23.533490533096106,False
47,1171,1399,404,0.4,LK,548,329,0.3,LK,"[3240.828468343667, -1042.9460574826664, 6441.979680726141]","[2821.2171302851057, 774.5831641880847]",18.56862314409829,"[1127.2364222634017, 705.7839619325836]",23.708039112710182,False
48,1172,1399,404,0.3,LK,761,359,0.7907808423042297,YOLO,"[3959.2791446337087, -1004.9364145434198, 8222.376957541559]","[2785.182606137161, 837.4553030466994]",13.951295725082998,"[1505.4899187618146, 661.2655332936339]",31.490966077200437,True
49,1173,1312,417,0.4420719146728515,YOLO,761,358,0.4,LK,"[2925.797666993507, -975.9033076654372, 7621.475077917619]","[2621.9571231422638, 828.2225256645851]",3.9358186990513575,"[1526.0430925937906, 729.8031505043435]",6.239434014278983,False
50,1174,1318,413,0.4,LK,761,358,0.3,LK,"[2984.553878072384, -993.0361371577659, 7650.807373027485]","[2632.3354058470627, 825.4520761615136]",1.4102302145649632,"[1523.7253214786851, 721.9029033211933]",2.2773483210707974,False
51,1175,1318,413,0.3,LK,875,381,0.7707192301750183,YOLO,"[3286.8750788492457, -955.8876152462066, 8489.641591284188]","[2627.4311062960296, 852.7066101842299]",13.020410921846704,"[1741.2314886355678, 714.2835371127903]",26.53668286365614,False
52,1176,1234,430,0.4493336379528045,YOLO,909,388,0.8134254813194275,YOLO,"[2416.0645532438284, -878.3060279601114, 8338.911093599085]","[2464.551804738449, 864.2235480946332]",1.409467882425663,"[1817.441729852744, 772.3408270258217]",2.34097464027231,False
53,1177,1211,435,0.4522290229797363,YOLO,887,392,0.4,LK,"[2122.731696867195, -839.0239306890063, 8066.060743113119]","[2420.1403761165748, 866.2948178806188]",2.5451205154992516,"[1775.4047453180694, 792.0778873356581]",3.8149307725187476,False
54,1178,1210,435,0.4,LK,971,403,0.632969856262207,YOLO,"[2267.438144071579, -825.209359537593, 8690.177400400582]","[2416.381124391267, 880.6509660505543]",5.056931000918008,"[1940.0105736875744, 790.8053454849849]",8.721146755656052,False
55,1179,1210,435,0.3,LK,999,408,0.7274074491238363,BG/YOLO,"[2316.328629573104, -816.5845932195755, 8883.852305647963]","[2416.0719233879627, 885.4695492068622]",7.827498136577965,"[1995.1118771529702, 791.5870306588188]",14.104264959685379,False
57,1181,1125,455,0.6678897206844195,BG,385,431,0.6737651190752144,BG,"[733.2524124374144, -389.258731161217, 1920.4822340621579]","[2618.4761057152227, 709.9506797937754]",50.08536917198585,"[819.2797827133519, 900.8145826290087]",9.12162510708424,True
58,1182,1108,459,0.4701980054378509,YOLO,1077,431,0.702171935411287,BG/YOLO,"[1287.352126280249, -638.2552202882493, 9168.240169468323]","[2214.9237409748366, 920.8077123772443]",1.2940196561984467,"[2153.3705986831287, 858.9947022914073]",2.050706336728722,False
59,1183,1088,465,0.6013549912688727,BG,1100,439,0.6012979338478888,BG,"[1084.9675112119237, -580.5374682664802, 9299.243728946081]","[2175.233132484563, 932.1964281459335]",1.0341599755734423,"[2199.415701676184, 875.7997516539546]",1.6219045874421414,False
60,1184,1088,464,0.4,LK,1123,446,0.6082147725892362,BG,"[1103.819269560812, -565.4279408828289, 9468.057888898971]","[2175.0840655507977, 936.4888192672024]",4.74329310727652,"[2244.9936847640083, 879.8216400183761]",7.66846028586436,False
61,1185,1053,476,0.6833714222792671,BG,1145,454,0.7461447538866685,BG/YOLO,"[719.1644202869305, -467.89092134411203, 9582.457897516148]","[2105.6497299645707, 953.7470127977936]",0.9119855600968855,"[2289.462128395377, 906.3422774616969]",1.4151204855168662,False
62,1186,1037,481,0.6114453778727781,BG,1166,462,0.6288634838411926,BG,"[544.455214326475, -409.15065029460334, 9723.648272050166]","[2073.790442167744, 964.4425497087675]",1.3861350190462034,"[2331.4955236304377, 921.2739715406154]",2.1424214117035283,False
63,1187,1021,486,0.6159313487097995,BG,1186,469,0.6935989135132409,BG,"[364.1583380416759, -352.33812824521175, 9862.747488138697]","[2041.909280922745, 974.5102845783814]",1.4816635327538048,"[2371.5824785494633, 935.2018332934615]",2.2787713205906432,False
64,1188,1006,492,0.6587925570046589,BG,1206,478,0.8301506638526917,YOLO,"[190.53889352504646, -278.61253564293025, 10008.826276290247]","[2012.0087837334636, 987.008203542505]",1.8400431120608052,"[2411.735678892887, 952.509810616775]",2.821619728080235,False
65,1189,991,497,0.6325046980505941,BG,1224,485,0.7332215697643618,BG,"[11.44256078809276, -217.27350438040742, 10144.141508075618]","[1982.0688819200484, 997.1778325951547]",1.9889519766413222,"[2447.9097495853243, 966.3616220691441]",3.034425396642482,False
66,1190,977,503,0.5946550193165179,BG/YOLO,1242,492,0.7486183572202703,BG,"[-160.66280477101625, -147.4448005201686, 10285.151586624042]","[1954.0686415247876, 1008.4009518333125]",1.53007725321238,"[2484.112304272576, 981.6579535713245]",2.326673584217625,False
67,1191,963,508,0.7212536253787859,BG,1260,500,0.786295076278622,BG/YOLO,"[-337.49138759134, -77.56773840147156, 10431.469081874828]","[1926.0959813918046, 1019.3338409544604]",2.155293548803343,"[2520.427304887105, 996.4514365215415]",3.267475726369832,False
68,1192,951,514,0.6596457161029652,BG,1276,507,0.7630414677854918,BG/YOLO,"[-493.96034486388055, -3.5123398141875675, 10566.080533674223]","[1902.0284420391436, 1030.5895949717262]",1.6859396698475486,"[2552.7058681067633, 1011.7585370994835]",2.550802582922585,False
69,1193,937,518,0.6866666357326704,BG/YOLO,1292,515,0.7435380322334679,BG,"[-679.5578095346057, 64.27900435195747, 10706.293612074673]","[1874.071222471272, 1040.629615348598]",3.047355283978408,"[2585.205048963705, 1025.004574384936]",4.588370510502235,False
70,1194,937,516,0.4,LK,1308,523,0.7964021064278015,BG/YOLO,"[-684.9390073875455, 85.75304336635372, 10841.51012755097]","[1874.5648760473978, 1043.6494849356154]",7.819161202095995,"[2618.184709912205, 1030.5542214932696]",11.983304270156536,False
71,1195,937,519,0.3,LK,1322,531,0.769551181452664,BG,"[-690.8789944907147, 142.4320301255666, 10959.894358285077]","[1874.7996625990204, 1051.7084985273527]",9.306265819367576,"[2646.9533902405988, 1043.3965499368007]",14.476201961286288,False
72,1196,901,536,0.7370165340887,BG,1337,538,0.7364216074896343,BG,"[-1187.993400678085, 316.9501416169394, 11127.358885355708]","[1801.69933379079, 1076.24990775918]",2.787125575722107,"[2676.698708612734, 1072.6087253533087]",4.162485833237928,False
73,1197,900,536,0.4,LK,1351,546,0.6860290020824374,BG/YOLO,"[-1211.8819699041178, 356.53309229520596, 11253.595327787343]","[1800.1527112195308, 1081.3169948262557]",6.366435801413857,"[2705.854802175383, 1081.3106882651716]",9.63528191279337,False
74,1198,879,548,0.7295632986259843,BG,1364,554,0.8138538558734802,BG,"[-1519.781519154355, 500.3228174472141, 11402.850144125316]","[1757.368038130668, 1100.6408236577493]",3.0022961881965093,"[2732.027045187891, 1104.9634886911977]",4.4613480008055655,False
75,1199,868,553,0.6275499505171125,BG,1377,562,0.6772362739073295,BG,"[-1691.016680017125, 588.4226326620012, 11542.872965052042]","[1735.270694882845, 1111.8912252918797]",3.8621092080858546,"[2758.9103735001268, 1119.6757625465357]",5.72311434706416,False
76,1200,858,559,0.7748298965014045,BG,1389,569,0.6642896493651599,BG,"[-1852.0976634027297, 680.4860388432772, 11675.455024059356]","[1714.9871542400456, 1123.4683421643817]",3.507382166909317,"[2783.5930021919326, 1134.8491110139953]",5.184835429778552,False
77,1201,849,565,0.7658378127360341,BG,1402,577,0.7319472925100827,BG/YOLO,"[-2003.841697719965, 779.493661001282, 11819.713677818676]","[1696.7612894180338, 1135.6139971587932]",3.5595109774340625,"[2810.493955177567, 1151.266394155407]",5.262173971170168,False
78,1202,849,565,0.4,LK,1406,577,0.4,LK,"[-2010.341513594577, 780.1281962691601, 11856.831340864635]","[1696.7320869158198, 1135.3716669710454]",3.3912613250093,"[2818.6755507333655, 1151.6782205548539]",5.032910707303101,False
79,1203,830,576,0.7165795723721337,BG,1426,578,0.3,LK,"[-2337.2735505974333, 896.4163390673825, 12092.893807845105]","[1657.0688396937448, 1148.5737597389398]",3.4179263817631163,"[2858.6069048535414, 1167.3734120638155]",5.03339625052141,False
82,1206,811,588,0.4,LK,1458,617,0.7457506314283824,BG,"[-2687.342245321921, 1244.3186826532228, 12491.921025770227]","[1620.5409596388586, 1188.9513502150548]",8.96681973379974,"[2928.7311607121787, 1224.1517645424892]",13.284276640593458,False
83,1207,795,599,0.7114959615650317,BG,1468,625,0.7529704174988745,BG,"[-2973.20010868845, 1411.2517924305805, 12653.404223231862]","[1587.3631056459878, 1207.841376978984]",6.301244285011205,"[2949.17369699306, 1246.0008947127226]",9.221310966882843,False
84,1208,787,605,0.6151515244611861,BG,1477,626,0.7368693178326675,BG/YOLO,"[-3132.5864721234616, 1485.6906057875779, 12775.016012642149]","[1570.2448493429106, 1215.3919608109122]",2.6069855554387575,"[2967.0134986521293, 1255.0658247161641]",3.805156323724353,False
85,1209,781,603,0.8983534868245349,BG,1478,626,0.4,LK,"[-3231.332571888399, 1479.5317209639968, 12808.904351193]","[1558.4414380633918, 1214.142537378544]",4.797436058984212,"[2969.6053188721417, 1251.2547382794871]",6.95703071836645,False
86,1210,777,598,0.5210360288619995,YOLO,1481,622,0.3,LK,"[-3302.301192942433, 1421.4635272523074, 12852.951233570893]","[1550.655919097853, 1206.3565711799874]",6.645534298652769,"[2976.081651186709, 1239.9707105589519]",9.617411916919513,False
89,1213,763,581,0.7964953919549048,BG,712,537,0.6063886036065611,BG,"[-1173.0356476526572, 514.1121350427895, 4358.155364111582]","[1530.21126273938, 1218.0364836936635]",14.834633528923526,"[1426.786129290555, 1051.0852197045642]",6.715867185707187,False
90,1214,758,576,0.8085181381420813,BG,721,541,0.6473589826355701,BG,"[-1221.3584092886645, 528.9345880475802, 4457.630590995077]","[1522.1299400039827, 1219.1340903427536]",18.306278901734274,"[1445.955901412466, 1053.5100634551682]",8.457694558428035,True
91,1215,754,571,0.8202020201250877,BG,729,546,0.6473589826355701,BG,"[-1261.8424119648023, 549.2489923024568, 4551.3996144733455]","[1516.6967118294847, 1222.3327943753602]",22.507284002857066,"[1463.4756398473353, 1056.826518204964]",10.596506373213302,True
92,1216,749,567,0.6063886036065611,BG,729,545,0.4,LK,"[-1284.8951950198405, 532.1012653265038, 4536.2287325413745]","[1506.650816667391, 1216.9824911759895]",23.180363919214823,"[1463.567995745142, 1053.8089623632757]",10.850799129672762,True
93,1217,748,566,0.4,LK,728,545,0.3,LK,"[-1285.7994654799372, 529.1619625145497, 4522.44479582545]","[1504.873266432747, 1216.519146274581]",23.549437535299315,"[1461.6760736100562, 1053.2501145015156]",10.983588382668682,True
103,1238,1714,456,0.3,LK,1532,481,0.6268724475906414,BG,"[8591.104131080765, -560.0204626649064, 10023.094169897899]","[3413.1100157124047, 942.5837453404563]",14.233165620092695,"[3075.921238307435, 1175.6469884862968]",132.4916958017547,True
105,1240,710,496,0.746888190379627,BG,1493,465,0.4,LK,"[-4453.607415000664, -363.1481905096797, 13131.732192752359]","[1413.2043903119272, 987.2972780142612]",4.477998839921738,"[2995.4186894853215, 941.1234975038926]",6.040108596242694,False
106,1241,710,495,0.4,LK,1474,459,0.7204655244788642,BG/YOLO,"[-4377.164071774704, -406.1882963020437, 12906.755301387306]","[1413.2228822889879, 981.2495383851435]",7.626673155167231,"[2956.0584070748046, 933.8953246509129]",10.109296959018538,False
107,1242,725,485,0.8852008281297054,BG,1456,453,0.8180677890777588,YOLO,"[-4052.680409843672, -520.6678617490126, 12639.62642117932]","[1444.1582119433085, 965.8442263389416]",3.6769214279956626,"[2918.6898503649168, 915.3354136107675]",4.881160619978299,False
108,1243,732,479,0.736691972164802,BG/YOLO,1434,445,0.6610310931550586,BG,"[-3857.774180207406, -611.0193348155514, 12364.820142092725]","[1458.5972107648845, 952.8151667057274]",4.295843532995402,"[2873.3241440086663, 900.1236196667396]",5.633722045766438,False
109,1244,740,474,0.6930155469789269,BG,1414,438,0.6283158706666273,BG,"[-3661.116832939517, -684.7981528495555, 12117.293073762658]","[1475.0744445938894, 941.56788976693]",5.074289625386947,"[2832.2697304207545, 887.2845364617663]",6.592683419779739,False
110,1245,748,467,0.6637587726969463,BG/YOLO,1393,431,0.6803724298137155,BG,"[-3468.055676593925, -771.130837460775, 11864.340128328491]","[1491.5090178014598, 928.1285887634688]",4.475830394983652,"[2789.2367319484047, 872.1440036798805]",5.7545347075596105,False
111,1246,757,462,0.7860787726677729,BG,1372,425,0.5962685095939062,BG/YOLO,"[-3267.4947836480737, -833.104413412306, 11617.410760851075]","[1509.983353895286, 917.4868192356216]",4.790411391320887,"[2746.428222939329, 860.6033074345612]",6.100398914018985,False
112,1247,765,456,0.750114377460519,BG,1351,418,0.6458200789189357,BG,"[-3088.3657284097535, -906.6498330079835, 11378.037584707781]","[1526.41057998272, 904.8541554591015]",5.087739983180021,"[2703.773967338968, 847.0548955541633]",6.407785731144612,False
113,1248,774,451,0.7658378367775387,BG,1330,412,0.7403744956411749,BG/YOLO,"[-2901.775203404521, -964.3023023009994, 11143.906552277094]","[1544.8685995209767, 894.0039144584703]",5.534645380418727,"[2661.283120133827, 835.8125471602824]",6.9005574860790935,False
114,1249,783,445,0.7599925760865994,BG,1308,406,0.7317070743314131,BG/YOLO,"[-2719.4395239997034, -1026.555980898795, 10904.711946679383]","[1563.2733648548392, 881.950456053894]",5.419010067317951,"[2616.836787075843, 823.5929039051367]",6.679584316592882,False
115,1250,792,439,0.7722840040334601,BG,1286,399,0.6151604695480664,BG,"[-2543.446581458252, -1092.3819706051413, 10671.451829468035]","[1581.7311650672677, 868.9158817147577]",5.9655079399369715,"[2572.6125320087635, 810.5766930994761]",7.266952153171869,False
116,1251,802,433,0.7872524305047739,BG/YOLO,1285,399,0.4,LK,"[-2412.320954987152, -1127.6808102523873, 10652.709680938375]","[1601.6081932099191, 863.3800015014805]",1.6569440473711647,"[2569.9486892831796, 802.8681897054884]",2.042937114516349,False
117,1252,812,427,0.6113602871594682,BG,1245,389,0.6362380867588684,BG,"[-2193.727238373093, -1195.7570893269994, 10249.561461923286]","[1622.3717045495566, 846.2581334711173]",4.852216117047906,"[2490.119236239617, 788.6118774984795]",5.800957750017844,False
118,1253,811,426,0.4,LK,1244,388,0.4,LK,"[-2203.8132322093484, -1207.8921837464766, 10239.014344122466]","[1620.3563392667156, 844.1897540880419]",4.887896394262704,"[2488.122984702208, 786.6668105235552]",5.829371704410959,False
119,1254,834,414,0.5363235390601815,BG/YOLO,1244,388,0.3,LK,"[-1924.621114749128, -1273.8590528350828, 10232.20619153794]","[1665.732243383198, 833.849927480713]",3.8084287671008163,"[2486.494430586024, 770.5156357729082]",4.685428868730186,False
120,1255,846,408,0.6307238961097634,BG/YOLO,1172,371,0.7728114128112793,YOLO,"[-1647.6058233844708, -1350.505120732186, 9543.881436355548]","[1691.5772709204118, 806.8974251909248]",5.36113851274257,"[2344.3032434336396, 753.6685592733124]",6.163586171786164,False
121,1256,857,402,0.6639006136707796,BG,1173,371,0.4,LK,"[-1528.0010850230922, -1381.4445583032646, 9558.41965489429]","[1712.935151050511, 802.1095223332304]",1.0861834415529172,"[2345.251991666508, 745.6344757556093]",1.2695185886515608,False
122,1257,869,396,0.6449160528303446,BG,1123,361,0.5099931359291077,YOLO,"[-1316.0779627701745, -1429.0533457033318, 9095.184571430402]","[1738.2769511573442, 782.1515294786587]",5.594681911039077,"[2246.7124145315734, 734.203931487426]",6.247804183756557,False
123,1258,882,390,0.7860787646289066,BG,1099,356,0.6054370999336243,YOLO,"[-1145.502820275158, -1465.4405657625546, 8884.408400127557]","[1764.6348756546272, 769.7553682608226]",5.7305253008324595,"[2198.986287184359, 724.5431817573165]",6.318375187503725,False
124,1259,894,384,0.7117534373215981,BG/YOLO,1073,351,0.6255685712454342,BG,"[-989.5778799759798, -1499.4157214594006, 8657.036014113453]","[1789.084481218365, 756.6722548915031]",6.222427008853226,"[2147.4295210225746, 715.5563073279276]",6.74082314482564,False
125,1260,908,377,0.6751342602594989,BG,1048,347,0.6578143738869514,BG,"[-823.4352527509176, -1531.7190464354019, 8444.765480441485]","[1817.171449492537, 743.7125060862509]",5.5794501635685725,"[2097.4880935295932, 706.3845952038869]",5.95849742161687,False
126,1261,922,371,0.7174328213143727,BG,1022,342,0.6366900393527289,BG,"[-662.1115674955262, -1561.5601744430662, 8229.196257252956]","[1845.6743548621014, 730.4378635997105]",6.166877057579057,"[2046.0417128561787, 697.6347277234661]",6.478260008638528,False
127,1262,937,364,0.7086539075806999,BG,996,338,0.7062179976287497,BG/YOLO,"[-500.52952573371226, -1589.4939688626216, 8017.207287989912]","[1875.8112630436347, 716.9665259531448]",5.819359596537462,"[1994.2334812039935, 689.0461566138097]",6.015659227398997,False
128,1263,953,357,0.7439140872108506,BG/YOLO,971,334,0.71364837865749,BG/YOLO,"[-338.2356942242697, -1616.2736828265704, 7820.665452256166]","[1907.8807498858052, 703.6458065354581]",5.427566384602962,"[1944.3895613034044, 680.3809895653578]",5.53277634535208,False
129,1264,969,351,0.6637421629926729,BG,944,330,0.6237599007582988,BG/YOLO,"[-181.4256620032464, -1635.1793556650139, 7610.107340727594]","[1940.3279473236285, 690.6488524228087]",5.856305044471891,"[1890.959658272002, 673.3482263169558]",5.8627412137660055,False
130,1265,986,344,0.6895392855396978,BG,947,328,0.4,LK,"[-37.266059963203524, -1673.4399566631605, 7680.969299141576]","[1972.0721307366077, 685.8969841782019]",1.4627711889688624,"[1894.7497148478378, 660.5886817541261]",1.5123119993637832,False
131,1266,1004,337,0.6346813829629813,BG,890,322,0.7926229238510132,YOLO,"[132.2632016492296, -1677.3522759755663, 7203.980594287841]","[2010.8764128913633, 662.1788582764716]",5.981062696451023,"[1783.8129733745143, 657.8455656289843]",5.779457443423162,False
132,1267,1022,330,0.6887376732321433,BG,863,320,0.6400154380146549,BG,"[278.39440100015287, -1686.5332299403476, 7002.222747257259]","[2046.64941835925, 649.4709587711008]",5.345657935084826,"[1729.7726843064079, 652.6413117166933]",5.066106802294418,False
133,1268,1306,544,0.7860787654209549,BG,862,319,0.4,LK,"[3555.9700403337524, -382.5668621499624, 8808.976575145414]","[2655.0366178941154, 962.3013534201561]",73.80297766919409,"[1811.5907006084772, 919.7173324156165]",163.46569311247788,True
134,1269,1062,316,0.7268765387429776,BG/YOLO,862,319,0.3,LK,"[592.6422338874754, -1737.6897826605616, 7111.811729188586]","[2119.495346742288, 643.954071039363]",4.734188882682312,"[1721.2332147863565, 629.5533299581184]",4.798554813280464,False
136,1271,1106,302,0.6343081893289951,BG,748,309,0.7549100518226624,YOLO,"[873.6655729441951, -1716.2106602801641, 6194.611303236464]","[2215.9637032868172, 592.1233737775493]",5.857406949604354,"[1501.531467729587, 631.9034980182729]",5.082920177868831,False
137,1272,1106,301,0.4,LK,747,308,0.4,LK,"[873.475419373211, -1723.7577338002022, 6185.582888125351]","[2216.2564536475106, 589.5493253602643]",6.100358544218478,"[1499.771903160187, 630.38506398095]",5.282136142508458,False
138,1273,1157,286,0.8318403363227844,YOLO,747,308,0.3,LK,"[1234.972885406512, -1770.744448228765, 6366.428318897933]","[2304.4767665452855, 590.3980621530686]",6.727577261230981,"[1488.157143187562, 603.3416084042883]",6.420810406344019,False
147,1290,1600,167,0.4,LK,117,319,0.4880257844924927,YOLO,"[4514.525891786429, -1751.7205568231582, 5485.079496661886]","[3356.143991513624, 525.0785798814106]",84.91445181759389,"[415.7432185335761, 383.90301260614757]",111.09070796430078,True
148,1291,1600,167,0.3,LK,78,322,0.7635704874992371,YOLO,"[4788.4579849548345, -1790.5269891457508, 5832.744341093811]","[3352.6428241715876, 544.6991036990727]",94.73204119484257,"[373.2492750092669, 316.4995052123234]",146.07273074348967,True
149,1292,1217,510,0.6504563104738691,BG,78,322,0.4,LK,"[-7656.545586725971, -1922.1246316269783, -23455.734931422172]","[2525.8915892295463, 1160.9637937549014]",-245.56004188154057,"[103.53999809016067, 794.3513154194294]",-227.0354733533928,True
150,1293,1224,507,0.741141639568941,BG,78,322,0.3,LK,"[-8485.677790810281, -1967.272082366771, -25372.20115930418]","[2539.3034161022965, 1153.9754083685436]",-263.845618300753,"[102.20321292007591, 796.7197367674506]",-249.95211822600987,True
159,1411,1793,409,0.8543787002563477,YOLO,283,451,0.3857709467411041,YOLO,"[2579.900191930771, -343.22549037800485, 2737.0730699082824]","[3555.955104482186, 832.418020468109]",0.5670747840715219,"[540.6887327913515, 906.3895189901814]",0.23260542318954894,False
160,1412,1730,425,0.8024829626083374,YOLO,284,454,0.4,LK,"[2969.5463508608177, -343.70925116566167, 3389.2099214312007]","[3444.949965574916, 870.4245033189836]",2.609496965331844,"[544.0317540443448, 907.244471970886]",1.445954828202631,False
161,1418,1465,498,0.7486438803823434,BG/YOLO,486,503,0.8332117199897766,YOLO,"[3347.4733255933984, -76.84272877230865, 5907.244389994657]","[2927.5300452282745, 1010.5043806523174]",4.260313423806483,"[965.5097966987408, 996.3521228255424]",5.045340241229527,False
162,1419,1427,510,0.7695098470989923,BG/YOLO,490,503,0.4,LK,"[2724.6533021627024, -3.2976613170654305, 5230.713680514401]","[2851.000651916967, 1030.1173641677126]",2.472481076877296,"[972.4362304899679, 1002.8703256046201]",2.2428914249244074,False
163,1420,1385,527,0.8559775948524475,YOLO,533,518,0.6649990920263368,BG,"[2586.927778775516, 110.65562055458538, 5491.735809625245]","[2767.6848782037396, 1063.0438148074202]",2.423851374565607,"[1061.1041414998306, 1032.685703275677]",2.2880804975156455,False
164,1421,1857,501,0.5978995561599731,YOLO,565,527,0.7648739218711853,YOLO,"[90750.78465438994, -5729.951790095466, 90814.24350343921]","[3650.7862117101095, 931.1398019564817]",467.63852621481277,"[1142.0084073449943, 984.9848770125169]",423.70333233349584,True
165,1422,1326,547,0.7862783074378967,YOLO,564,527,0.4,LK,"[2137.3384821749214, 231.7541401947666, 5335.397383492189]","[2649.887900156275, 1099.9437786702283]",1.5208181717702465,"[1123.9420985206477, 1053.0403326353628]",1.2922843217754882,False
166,1423,1313,547,0.4,LK,229,353,0.6430287075658971,BG,"[-8732.060100931627, -2022.4402542455657, -19474.234396824835]","[2729.789350654841, 1195.6733019950016]",-177.02401278253134,"[361.78531113265547, 791.2416962686206]",-134.757637453715,True
167,1424,1273,567,0.8224528431892395,YOLO,638,553,0.8133573532104492,YOLO,"[2009.6506046124923, 416.3180714931729, 5941.678265956901]","[2545.625417731614, 1142.1403881824072]",2.73704094178637,"[1275.0403488335946, 1101.3388016628478]",2.6148659393973426,False
168,1425,1273,566,0.4,LK,638,553,0.4,LK,"[2011.4561205374982, 412.3788331441744, 5944.272595398472]","[2545.8864195718793, 1141.04187158183]",3.0854168721734947,"[1275.2671055835353, 1100.4810184435164]",2.9497529424089612,False
169,1426,1196,564,0.3,LK,685,572,0.7378807663917542,YOLO,"[1526.7175008263391, 511.98379418810185, 6045.171540737564]","[2402.3915723478885, 1165.31510720882]",14.512475701694989,"[1377.4018974924847, 1112.639130754708]",13.154420753307505,False
170,1427,1206,596,0.7435222591062691,BG/YOLO,707,579,0.7005699204209082,BG/YOLO,"[1627.7284388353419, 665.6974769809368, 6295.082734492667]","[2412.4553906340548, 1198.67868236207]",2.481679243554307,"[1413.969666275185, 1153.7415459068184]",2.4150986567136887,False
171,1428,1185,604,0.5353144309728082,BG/YOLO,728,589,0.6639006173840292,BG,"[1500.6359651551131, 752.6212844991385, 6408.399805070393]","[2371.656847884685, 1217.2084058155285]",3.622062768380672,"[1456.963248459454, 1171.1204893716563]",3.539443107307193,False
172,1429,1166,614,0.5665311656594476,BG/YOLO,751,599,0.8051339983940125,YOLO,"[1385.5400579391942, 850.1979278313405, 6549.705833550162]","[2333.8335265707815, 1236.7997250036474]",3.5424464935447255,"[1503.1191113912253, 1191.3277784041109]",3.5029014583989526,False
173,1430,1148,624,0.6609879549425132,BG,750,598,0.4,LK,"[1215.708856951682, 897.7906426575493, 6423.202068975086]","[2296.596520083135, 1252.5912106747476]",1.6944547536543226,"[1499.7986408735376, 1193.647136728722]",1.5974732188151346,False
174,1431,1131,632,0.6990166276828049,BG,792,616,0.665148477200407,BG/YOLO,"[1152.5579519903345, 1030.4949021514278, 6794.131454781342]","[2263.7827755552353, 1271.4490437466234]",3.056476446943873,"[1585.0648112429712, 1226.528184640933]",3.0688534157888605,False
175,1432,1115,641,0.792017772627191,BG,813,627,0.6917493175722135,BG,"[1045.9844175752173, 1135.2857261324261, 6935.382599662417]","[2232.31726585167, 1290.4958860471006]",3.570756883550249,"[1627.5720224324245, 1247.5088337808934]",3.6271303827819263,False
176,1433,1099,649,0.7829315191403073,BG,833,636,0.6664853611069185,BG,"[931.1886890887033, 1229.301206577571, 7064.866280126854]","[2200.531886098865, 1306.828129188785]",3.7523519787896187,"[1667.8195932809615, 1265.2379228231214]",3.843591193496587,False
177,1434,1084,658,0.7298400636948805,BG/YOLO,853,646,0.7401169535179237,BG/YOLO,"[820.0745220921142, 1334.788236113296, 7199.608188391588]","[2170.606968071298, 1324.8843389591116]",3.790658832953995,"[1707.9730151865724, 1285.3232924654562]",3.919993279150973,False
178,1435,1071,666,0.6948268271597887,BG,872,656,0.6689953537073591,BG,"[722.4172962457018, 1436.5392088078288, 7335.380753526018]","[2144.825773528082, 1341.4263612595448]",4.059047343076699,"[1746.296387410383, 1304.935814732346]",4.244308154937154,False
179,1436,1057,673,0.4,LK,886,654,0.793351728840878,BG,"[591.7653242266817, 1479.059975601565, 7396.74452177496]","[2113.9306538554756, 1347.9608198839126]",0.3516772696050762,"[1771.6956756217426, 1308.7477568849934]",0.3664035124463614,False
180,1437,1048,672,0.3,LK,894,644,0.7680884177131377,BG/YOLO,"[502.01596823990485, 1438.0533929307649, 7421.441703025776]","[2093.2684175316454, 1338.1512154534164]",3.4466388804033525,"[1785.318830728789, 1296.5598573420164]",3.576144453990137,False
181,1438,1043,657,0.6036935466913922,BG,903,635,0.8085181362364084,BG,"[469.0708782566606, 1329.0065237043027, 7498.713963777079]","[2084.7582901467326, 1311.944917631916]",1.4813511399199641,"[1804.7417592522895, 1274.2448969607087]",1.5518702603552958,False
182,1439,1037,647,0.6079390145634527,BG,912,626,0.8085181428902573,BG,"[419.3330021529871, 1244.536829648795, 7563.353396404301]","[2072.870701795328, 1291.848338206851]",1.460384703887917,"[1822.8956307964256, 1256.0463827106862]",1.5391667833380174,False
183,1440,1031,637,0.4,LK,921,618,0.691679632232885,BG/YOLO,"[370.03738400483854, 1163.8635493663971, 7629.912405849194]","[2061.261106976474, 1272.8201437575024]",0.9245428601556291,"[1841.2990251062597, 1238.7755920855489]",0.9803395963404586,False
184,1441,1025,629,0.8174557970063495,BG,930,610,0.7985361814498901,YOLO,"[317.4434849890869, 1092.4477517241935, 7693.622078214213]","[2049.1614197047784, 1256.110265769663]",1.2324491690735218,"[1859.2429318093614, 1223.31439490741]",1.3138446529743808,False
185,1442,1020,622,0.8289225697517395,YOLO,939,601,0.7783402421328645,BG,"[271.1773907674021, 1019.9442976754442, 7758.256356316995]","[2038.6172090360042, 1239.42786234534]",2.526196044905402,"[1876.7663948232728, 1207.9681791429934]",2.7108074842264736,False
186,1443,1014,613,0.8085181381420813,BG,948,595,0.7948195338249207,YOLO,"[220.29567385537706, 951.3480546614402, 7826.815353503372]","[2027.237258089928, 1223.7159073259697]",1.3607066107461616,"[1895.3672614836823, 1193.3978472511537]",1.4683739801591356,False
187,1444,1008,605,0.7908958272640015,BG,956,587,0.7636004745694337,BG,"[165.41825705563852, 877.3302040995918, 7882.185905944611]","[2015.2674944469386, 1207.483354844776]",1.4484415126049572,"[1911.4140088018457, 1177.4966003610643]",1.5682249456576287,False
188,1445,1004,604,0.4,LK,964,580,0.4,LK,"[123.23938886958948, 842.7074183675219, 7938.179182331348]","[2006.1372005550406, 1199.3283009386375]",4.539101990654467,"[1926.3889444932377, 1170.039644313046]",4.941456601165419,False
189,1446,997,590,0.7745507159492427,BG,973,574,0.7655558068381184,BG/YOLO,"[64.3754423237594, 746.2596145916531, 8008.731142597656]","[1993.6210898345457, 1178.7642052121532]",0.7648208726446265,"[1945.7705473059184, 1149.915108147335]",0.8362274701672623,False
190,1447,992,584,0.6915631392403954,BG,981,568,0.5628283619880676,YOLO,"[16.58091476633958, 689.6562743246104, 8068.233258583479]","[1983.6187630690506, 1166.5589105820577]",0.8556126595732918,"[1961.7789296967853, 1138.062724696853]",0.9397697737546462,False
191,1448,989,583,0.4,LK,990,562,0.6494362456507383,BG/YOLO,"[-16.367595992293698, 658.1897097438606, 8139.362639986307]","[1976.821332990126, 1159.249526787139]",3.572432668008779,"[1979.0566393497998, 1131.8230389988596]",3.9577214542137815,False
192,1449,989,582,0.3,LK,998,557,0.7912165427582412,BG,"[-19.390516045782995, 629.8095336588966, 8211.045121398924]","[1976.2352140531466, 1152.6542393593222]",5.958142454780807,"[1994.5125869261826, 1126.9443656527337]",6.681301794809074,False
201,1462,926,530,0.446763664484024,YOLO,1101,516,0.607851746491901,BG,"[-693.3073529781217, 167.39770963563134, 9022.18114530465]","[1851.7162649269908, 1060.5157540402354]",0.2265264137597349,"[2201.981266831306, 1031.847937691932]",0.2668579409216416,False
202,1463,925,529,0.4,LK,1108,514,0.4,LK,"[-709.392274381165, 151.3203645803186, 9084.861818910933]","[1849.642714399341, 1057.5087910081284]",0.3393081871802313,"[2215.9104695341, 1029.0443434504589]",0.40281987422746407,False
203,1464,925,528,0.3,LK,1116,514,0.646229180131302,BG,"[-714.9452968623999, 144.82694954244232, 9159.226602264214]","[1849.689031210185, 1056.1711568721084]",0.0373075847588286,"[2231.9428118206747, 1028.3052824271235]",0.04476255333562586,False
207,1468,905,527,0.4659861326217651,YOLO,1146,513,0.6050135787949257,BG,"[-960.6038621840012, 138.5373872882349, 9407.781918308392]","[1809.4829619134268, 1054.4498663883708]",0.17130515339722138,"[2291.9452585515705, 1026.1948344299199]",0.20722543126063514,False
208,1469,901,527,0.7132782936096191,YOLO,1152,513,0.4,LK,"[-1011.3485250660432, 139.52274633828057, 9458.644812248005]","[1801.4320025122693, 1054.4894620399043]",0.18811181350057293,"[2303.949415730714, 1026.1979034345056]",0.2279116181688171,False
209,1470,1071,542,0.698733140133956,BG,1160,514,0.3,LK,"[931.954493900014, 178.0135486487015, 9732.10358386272]","[2140.2733644727145, 1060.0995868855896]",14.479124254886422,"[2318.260722403956, 1066.956933802145]",23.627314871523353,False
211,1472,1065,541,0.3,LK,1172,518,0.8133511543273926,YOLO,"[870.1986135707589, 189.2368944463599, 9813.542745923565]","[2128.424501675457, 1061.671229019428]",12.421885892438043,"[2342.4161334174255, 1069.418278958163]",20.333830438882035,False
212,1473,1050,537,0.7722839969901619,BG,1180,519,0.7662242650985718,YOLO,"[699.6375027200231, 173.09884664407627, 9858.106503787514]","[2098.8300396335544, 1058.9391734969252]",9.241855346606068,"[2358.8539155680724, 1062.5453772687501]",14.849403572149674,False
213,1474,1043,535,0.7398388372977944,BG,1186,521,0.4,LK,"[620.9502449384782, 170.83446265021513, 9897.164345545196]","[2085.070422744179, 1058.466847353791]",7.1062473899126655,"[2371.127559668638, 1060.921969835364]",11.353603606300968,False
214,1475,1037,534,0.6981317007977318,BG,1193,524,0.6464899778366089,YOLO,"[553.867189153002, 178.7052596496597, 9945.611124302586]","[2073.283416809091, 1059.5875914080657]",5.210530204992663,"[2385.3871380594856, 1062.0514602661456]",8.30368159293295,False
215,1476,1030,532,0.6063886036065611,BG,1194,526,0.4,LK,"[472.4331445767388, 177.04120195489327, 9948.800059445583]","[2059.569603418811, 1059.3134331532228]",2.9056892874380273,"[2387.713302758899, 1060.1512076020344]",4.578485043307258,False
216,1477,1023,531,0.8198545354117052,BG,1206,529,0.6997220287444148,BG/YOLO,"[394.0300244025311, 185.20575044181322, 10036.185954047027]","[2045.8184291128669, 1060.356952890634]",1.0301353623236376,"[2412.053202871257, 1061.5511722741792]",1.6260582232628271,False
217,1478,1023,530,0.4,LK,1213,532,0.5554802417755127,YOLO,"[397.44452074524355, 190.53064502961533, 10090.453271885377]","[2046.0311455449992, 1061.0358772960342]",0.6456743715811063,"[2426.372987298362, 1063.4586746465045]",1.0278440342378101,False
218,1479,1023,530,0.3,LK,1219,535,0.4,LK,"[400.1776103661967, 202.40706186110182, 10136.853407758796]","[2046.1804762840616, 1062.7553744569411]",1.7333777662367413,"[2438.6242568741377, 1066.8071205370393]",2.7791134177650503,False
227,1492,897,544,0.6928079131759692,BG,1187,530,0.7693835996589793,BG/YOLO,"[-1095.4383826428266, 333.97890602346286, 9785.300781735685]","[1793.0327833265462, 1085.1974630126178]",1.8851938626388578,"[2373.8994849069272, 1064.667176885622]",2.368321477214064,False
228,1493,897,544,0.4,LK,925,530,0.7689394011682371,BG,"[-797.6698489440682, 332.0646601152212, 7200.888372054928]","[1794.994653205128, 1104.186063762925]",7.135738498653111,"[1851.1592945467216, 1046.599163344178]",6.16046391103888,False
229,1494,908,540,0.8022132398263994,BG,1151,515,0.7169913973374974,BG,"[-935.995520717762, 227.2233867826659, 9457.606400630979]","[1814.732130021349, 1069.18543625579]",6.485640904908353,"[2301.342386112468, 1043.7990832458136]",7.923050687681538,False
230,1495,907,539,0.4,LK,1132,507,0.7199351598231435,BG/YOLO,"[-930.3189368881195, 180.3845206774404, 9276.548378404053]","[1812.5258912331742, 1061.927891830836]",9.385092262269035,"[2263.195916581644, 1033.4841266326405]",11.174474700094978,False
231,1496,907,539,0.3,LK,1113,500,0.7509800652037448,BG/YOLO,"[-912.9873198926946, 144.1073337106482, 9095.833376698436]","[1812.3803654218102, 1056.2204159821636]",12.420837279033163,"[2225.15591673291, 1025.4234921373802]",14.42798217858602,False
233,1498,987,507,0.7162501283938985,BG,1073,485,0.7054342400499143,BG,"[-33.65508619565613, -128.91711222525902, 8881.535321147572]","[1973.8482325677542, 1008.1165477214873]",3.2421374006671755,"[2145.782519525217, 977.4468041985107]",4.059337002252631,False
234,1499,987,507,0.4,LK,1052,478,0.6039865464841186,BG/YOLO,"[-33.10128236947517, -158.41912673507545, 8693.612339763189]","[1973.8177919080565, 1002.2422265563525]",6.339517127099081,"[2103.8729439142544, 970.1821371345535]",7.7056525100775755,False
235,1500,1020,495,0.6567593582786055,BG,1031,471,0.7001195680437446,BG/YOLO,"[306.74846840474635, -257.40627757448135, 8588.51487582256]","[2039.8923204220725, 983.6263305933976]",3.4233928855450073,"[2061.9693237743795, 950.0140951673968]",4.277555862727187,False
236,1501,1019,494,0.4,LK,1009,464,0.6232666860090665,BG,"[290.221989045407, -290.0785974945028, 8390.36209862753]","[2038.009570760845, 976.3345584332219]",6.098059258929911,"[2018.2191163852133, 941.9872135950874]",7.360054939361633,False
237,1502,1037,490,0.8090594231490545,BG,987,458,0.683901309967041,YOLO,"[463.15954768161146, -334.8688369297264, 8247.024508053808]","[2074.071152218014, 966.7767049246586]",6.815866560962986,"[1974.45726620095, 931.8650464970211]",8.217758896042106,False
238,1503,1074,479,0.4965830147266388,YOLO,964,451,0.6790010333061218,YOLO,"[818.2227069516701, -418.9557672425703, 8162.136798299239]","[2147.7717462315168, 949.7835969209293]",4.292143848534149,"[1928.4525702760302, 912.5061243452678]",5.355495416240288,False
239,1504,1071,481,0.4,LK,963,450,0.4,LK,"[787.9192485527154, -412.53789223046755, 8144.050254733801]","[2141.923384417818, 950.8516527473971]",5.753403807567614,"[1926.6338528329738, 913.9633231094036]",7.1249395166235,False
240,1505,1112,466,0.6651055664695402,BG,915,438,0.6190778548571121,BG,"[1145.1269979739657, -526.7884104155058, 7868.726120418222]","[2223.4741515168357, 925.0364959051233]",3.6461929502532078,"[1830.7345629811089, 885.3171240459723]",4.528551648104767,False
241,1506,1090,490,0.6380493753606354,BG,894,434,0.521191680698999,BG/YOLO,"[918.6914872071119, -421.5497234024017, 7604.833850705024]","[2182.139157349678, 943.282840491194]",17.47930762899511,"[1791.5296711519998, 909.7293044002232]",20.00376449023933,False
242,1507,1102,487,0.4,LK,893,433,0.4,LK,"[1032.037872373975, -439.13663537928784, 7644.884106839816]","[2205.867553735506, 940.0977992709503]",16.26473888063735,"[1789.430586619891, 905.5425142023726]",19.046486663421632,False
243,1508,1176,450,0.6287151282613186,BG,839,419,0.8129080533981323,YOLO,"[1657.8240514733593, -654.7830288946565, 7473.90344612243]","[2351.0071102789766, 892.2966716842801]",4.041129619741835,"[1679.516043666417, 849.1148930982728]",5.036445604367169,False
244,1509,1175,449,0.4,LK,839,416,0.4,LK,"[1649.3215478464824, -671.4635150712552, 7470.64587345375]","[2349.266128910024, 888.6981904788181]",4.789933092079357,"[1679.8386516897167, 845.0679364331106]",5.957115680478091,False
245,1510,1175,449,0.3,LK,783,408,0.8030882477760315,YOLO,"[1544.3859558806405, -685.0571681530517, 6946.230454593292]","[2351.8753869135153, 874.8452321868934]",10.518775727611782,"[1570.5063334429751, 842.9272915597363]",11.623410490085906,False
247,1512,1266,431,0.7217655777931213,YOLO,750,402,0.4,LK,"[2350.604185157304, -768.8635611253146, 7160.8293215070225]","[2528.9565159811073, 860.9839451084271]",1.2424378213479146,"[1500.8560279269261, 808.5395038688242]",1.6276367665842908,False
248,1513,1266,431,0.4,LK,750,403,0.3,LK,"[2349.492796460665, -765.2538659292852, 7159.345893119736]","[2528.8107035429625, 861.747604015229]",0.8970983175150471,"[1500.656989712068, 809.5520999471598]",1.1748635640646126,False
249,1514,1317,422,0.7993046641349792,YOLO,658,388,0.7608632445335388,YOLO,"[2579.8231965425684, -818.8888836842266, 6606.870345459033]","[2632.969409677938, 834.7214229219397]",4.902523859247942,"[1319.329576394441, 791.1047644071894]",5.9350297838855095,False
250,1515,1317,422,0.4,LK,625,383,0.751011848449707,YOLO,"[2460.0021284147842, -823.9656416328693, 6251.093796337268]","[2638.0777365112504, 822.256886885411]",9.846108914890749,"[1257.6047178872027, 793.3535854595904]",10.778867191990203,False
251,1516,1219,466,0.723401060657387,BG,590,380,0.8506160378456116,YOLO,"[1583.994190151774, -684.9243498680207, 5260.511740531516]","[2483.57065490135, 824.8085333511084]",38.640418074379674,"[1210.828910487952, 842.1421361533091]",28.964280011753242,True
252,1517,1397,411,0.6718891263008118,YOLO,554,375,0.8320454359054565,YOLO,"[3005.808178640012, -861.5614770066309, 6154.688770324821]","[2796.6376996140316, 809.3062885317364]",6.740023194702093,"[1113.3947391158042, 769.8086272612245]",7.885190233817137,False
253,1518,1426,407,0.7909796833992004,YOLO,517,371,0.5587648153305054,YOLO,"[3153.0190511640512, -873.8564099151158, 6010.366795754706]","[2857.1889532218916, 800.7387954460355]",7.414018438209348,"[1040.572631244059, 762.6373185678548]",8.565615692566045,False
254,1519,1456,404,0.7303218245506287,YOLO,478,367,0.4,LK,"[3318.106631992689, -881.6926358261827, 5888.887108964766]","[2922.146399608717, 793.8779167714855]",8.807568165018093,"[965.8221123800212, 755.867848593662]",10.0965337226808,False
255,1520,1456,403,0.4,LK,437,365,0.6454157829284668,YOLO,"[3191.837430461175, -877.2878165951387, 5494.167233006118]","[2951.398949490314, 778.1042549316592]",18.889314213505607,"[906.571587275003, 762.8973508606767]",18.792188302941113,False
256,1521,1456,403,0.3,LK,395,362,0.8380325436592102,YOLO,"[3401.2028845474297, -883.5164397375146, 5584.446624434345]","[2998.3741284044004, 780.4271928295217]",33.62026997686108,"[867.6324296921118, 754.3011903858783]",34.36454673087543,True
260,1525,1659,388,0.5017409324645996,YOLO,209,354,0.7975722551345825,YOLO,"[4840.869057518628, -884.6242529386592, 6041.601183046298]","[3319.69985658713, 799.1057365195676]",8.027087093840262,"[419.43749080072917, 686.2928281768279]",13.404816459532476,False
261,1526,1697,388,0.7242199182510376,YOLO,209,354,0.4,LK,"[4579.254910712342, -861.2875405126301, 5482.893685793184]","[3376.4288467763354, 782.2080378732583]",0.8604586955300301,"[395.487757397745, 716.37559904826]",1.1761932390415808,False
262,1527,1736,386,0.8070696592330933,YOLO,209,354,0.3,LK,"[4347.692276621913, -847.5153152421684, 4996.764574474799]","[3434.7937997609856, 762.3593880063861]",7.754988379345536,"[380.0535040752475, 735.7622494488019]",8.907371026091493,False
263,1528,1778,385,0.8026478886604309,YOLO,51,353,0.5211696624755859,YOLO,"[5016.466756824758, -820.9606956033879, 5406.775942711036]","[3531.2710832574444, 790.5222049442625]",3.385352964625862,"[141.2121915421711, 710.5929830408251]",5.068888747664823,False
264,1529,1822,385,0.799939751625061,YOLO,50,353,0.4,LK,"[4852.714953894228, -799.3350227310616, 5003.879114942419]","[3601.4512070367327, 777.9983141746701]",1.8860088842438432,"[131.2773419563787, 731.5181044230762]",2.4330141653301953,False
265,1530,1866,385,0.8342494964599609,YOLO,50,353,0.3,LK,"[4714.726339835086, -780.9451412387747, 4668.611962134074]","[3668.4673851775037, 766.0626900015834]",6.334402005415376,"[124.94354650047447, 746.9949617751932]",7.2104447604909145,False
272,1636,1888,473,0.7345018982887268,YOLO,150,479,0.7189280986785889,YOLO,"[3995.261117043391, -153.85892399823513, 3845.315084776473]","[3717.1442446309884, 967.7159534090679]",2.197390415296279,"[283.29210822499647, 961.1487369219723]",1.6765579724906812,False
273,1637,1813,479,0.8598098754882812,YOLO,220,483,0.7439166903495789,YOLO,"[3574.627120895586, -121.30613198442752, 3706.98072594128]","[3592.265680413137, 979.2645677467829]",2.5936851715259976,"[412.8213300467151, 966.7863872321471]",1.7592128519276855,False
274,1638,1741,483,0.8544808626174927,YOLO,219,483,0.4,LK,"[4065.997901205073, -149.08122082676647, 4583.365448178192]","[3463.2458654216944, 979.5769074064314]",1.5670639942671856,"[411.01039540928485, 969.088377096178]",1.5135853627357934,False
275,1639,1754,475,0.4,LK,219,483,0.3,LK,"[3964.1832329849617, -163.83531457309346, 4399.005078427139]","[3486.707342438086, 972.1024540290905]",3.715556513333135,"[410.6224035151706, 962.3170201671197]",3.340750405504433,False
277,1641,1552,500,0.8374247550964355,YOLO,446,500,0.6433759331703186,YOLO,"[5277.394818770075, -170.2626857831049, 7907.623358426739]","[3095.8909308938455, 996.9990308348515]",3.782440963023055,"[873.7792579719546, 1026.3771975153502]",11.493109917982816,False
278,1642,1498,506,0.8596177101135254,YOLO,497,503,0.8269669085816331,BG/YOLO,"[4164.0703424756475, -87.59869671279219, 6895.0866960578915]","[2989.7967134034707, 1010.985617558141]",2.0188169229992776,"[984.1690369419931, 1017.3971628341639]",3.5420537300751396,False
279,1643,1447,511,0.4,LK,534,509,0.4397749602794647,YOLO,"[3512.0897694595587, -24.987240212027864, 6458.97019595535]","[2889.2151605339677, 1024.98638248869]",0.025337695281910814,"[1061.8645827959228, 1020.8704745049263]",0.03511081085020492,False
280,1644,1447,511,0.3,LK,534,508,0.4,LK,"[3510.138671901243, -27.970323520606186, 6456.405269274077]","[2889.0710883597444, 1024.251838493547]",0.2743094640633575,"[1061.7096870381306, 1019.857171039833]",0.37981216912873783,False
281,1645,1354,524,0.8552461862564087,YOLO,534,508,0.3,LK,"[2218.040962359588, 75.48857147042759, 5115.325201673923]","[2705.074905358908, 1054.4997899266866]",1.511821370191876,"[1062.5118404702448, 1015.1802237384386]",1.2351185947258456,False
282,1646,1329,527,0.7677726792717166,BG/YOLO,653,523,0.5752363801002502,YOLO,"[2669.730188827961, 107.43925378625887, 6617.10273900164]","[2654.674431776941, 1056.8437322552884]",0.5324147215333523,"[1304.2746848703932, 1046.047239779436]",0.6550110651821814,False
283,1647,1268,525,0.4,LK,687,529,0.7045960426330566,YOLO,"[2165.259498739956, 139.65110603600664, 6515.675401255021]","[2535.7385264590944, 1065.0777478376308]",5.763597773088857,"[1374.9280441814742, 1043.9653025827379]",6.392469295688509,False
284,1648,1268,525,0.3,LK,687,528,0.4,LK,"[2163.8069508801964, 135.86047587048853, 6513.777404319706]","[2535.527606548362, 1064.1655404285116]",5.384274487360305,"[1374.7434901566357, 1042.9634442258093]",5.9690374783814155,False
285,1649,1195,548,0.7054692506790161,YOLO,687,528,0.3,LK,"[1460.7024270182183, 259.32957931059116, 5973.870699523809]","[2388.956683797338, 1099.9018743358238]",1.284646166682623,"[1373.0553311906474, 1054.2814868308046]",1.1483861745156638,False
287,1651,1156,555,0.4,LK,807,548,0.6636510491371155,YOLO,"[1401.4005312354611, 374.1430122883914, 7066.325545965141]","[2311.730429002515, 1115.0130438083556]",2.1019796824111023,"[1614.3164575139476, 1091.3911823855235]",2.3211062988101108,False
288,1652,1157,555,0.3,LK,800,547,0.4,LK,"[1396.6332926852253, 370.2995285126634, 7000.614627966845]","[2313.704047848617, 1114.9305950239516]",2.044320597180095,"[1600.2626382703959, 1089.5829209399812]",2.227820704123124,False
289,1653,1069,577,0.5173134803771973,YOLO,791,547,0.3,LK,"[608.1572165503395, 501.35505486039625, 6451.416933442392]","[2137.7763797581338, 1154.2540926729844]",0.05415768269466627,"[1581.4695643957675, 1094.4895656397953]",0.04777673090595883,False
297,1661,900,648,0.7112407684326172,YOLO,977,622,0.6489376425743103,YOLO,"[-833.139551346516, 1359.9587522880129, 7779.061566777875]","[1801.1359830540234, 1308.128926689591]",5.157600807343189,"[1956.2478233867964, 1235.1954459111978]",4.855294925729592,False
298,1662,899,648,0.4,LK,990,628,0.5972228300010214,BG/YOLO,"[-853.129118417284, 1400.8339406761836, 7916.861185749078]","[1800.0313337019513, 1311.4883150360731]",6.952862384451069,"[1983.1409768446847, 1243.9253783915967]",6.675408757643109,False
299,1663,899,648,0.3,LK,999,627,0.5718871450206049,BG/YOLO,"[-866.6953478829664, 1400.4611754129728, 8004.422061198076]","[1799.1686375828453, 1308.347516655063]",5.413548932036587,"[2000.4655788547086, 1244.752380914946]",5.268338772420007,False
302,1666,832,646,0.6358705759048462,YOLO,1019,603,0.5768380129575905,BG/YOLO,"[-1534.5143661692232, 1316.9986732365683, 8014.970948806879]","[1660.1124689952244, 1291.4823920183157]",1.5555380648870356,"[2037.6637672145227, 1209.3488070919934]",1.4173289079815976,False
303,1667,823,638,0.6000797904752748,BG,1025,597,0.8458333595003218,BG,"[-1628.6364531597358, 1249.393254715373, 8057.137008724717]","[1642.258176238522, 1276.824386513457]",0.833297257556659,"[2049.924863968071, 1196.0084497724058]",0.7572817587336877,False
304,1668,814,631,0.6454145791512389,BG,1032,590,0.7176767821513744,BG,"[-1727.9676586710475, 1180.9978064651052, 8108.279598108004]","[1623.9094380897816, 1261.908655020263]",1.2772288283754778,"[2063.8196335814805, 1182.716945095383]",1.1591625328188384,False
305,1669,804,624,0.7240590633011028,BG/YOLO,1038,584,0.7140165558333539,BG,"[-1834.7018715767251, 1117.646253079912, 8148.696625903339]","[1603.77914299209, 1248.4450905790752]",0.9865178681011579,"[2075.9210514018323, 1170.1532345321584]",0.8917558326559374,False
306,1670,795,618,0.6062568314641069,BG,1044,579,0.7217336593960894,BG,"[-1933.4692899266945, 1064.2504411464904, 8192.402533380857]","[1585.6323960873997, 1236.958115662542]",0.7134065895745342,"[2088.003994518676, 1159.6421027562174]",0.6431458858180601,False
307,1671,787,612,0.7307784588797805,BG/YOLO,1048,578,0.4,LK,"[-2015.979143914682, 1032.7510298156908, 8221.84769544548]","[1570.2684537750774, 1230.1502944144625]",1.9859247426499802,"[2096.671449793351, 1153.0229191217811]",1.7833273705709323,False
308,1672,778,606,0.6710150534240403,BG,1056,569,0.6085755693391723,BG,"[-2125.3714943369014, 954.7769213471652, 8283.985171827691]","[1551.266980131145, 1213.742740073121]",0.28113520396665087,"[2112.1095581942695, 1138.8457566441368]",0.2524269194583232,False
309,1673,772,606,0.4,LK,1061,564,0.6000798041201328,BG,"[-2200.002394876543, 930.0344165761609, 8321.31476957861]","[1538.1975876607996, 1208.212044263689]",3.208398627718174,"[2121.5064641770996, 1133.7753428443577]",2.8783753262702008,False
310,1674,762,595,0.7217336593960894,BG,1067,559,0.6983601597633231,BG,"[-2310.1580228136095, 846.9918382445262, 8368.753208472319]","[1518.697919475399, 1191.48496894676]",0.3940828487928782,"[2134.0737774954814, 1118.99686093168]",0.35235370998959337,False
311,1675,753,591,0.6943645604418299,BG,1071,558,0.4,LK,"[-2407.88518386763, 825.2410261834219, 8396.565536895017]","[1500.7688647967711, 1186.8491351013465]",1.3572245206246083,"[2142.3975070542983, 1114.084846468077]",1.2071445174068463,False
312,1676,745,587,0.6419596879556541,BG,1077,557,0.3,LK,"[-2503.644490278339, 803.5811845727485, 8449.053424094993]","[1484.7997130623498, 1181.8196015086342]",2.9271592748760478,"[2154.6726574759346, 1109.5228564363074]",2.60031569996936,False
314,1678,729,578,0.6648704834459062,BG/YOLO,1089,546,0.6664141413516337,BG,"[-2702.804974603662, 696.4465672176034, 8548.28484144633]","[1451.6008686184564, 1160.2114391299501]",1.0324203690560005,"[2178.262706160914, 1090.6638433092605]",0.9144620908149509,False
315,1679,723,578,0.4,LK,1090,545,0.4,LK,"[-2766.1833379650566, 693.3441362952206, 8548.071496684988]","[1439.1925847443213, 1159.639572221026]",0.683536075591833,"[2180.204180162447, 1089.2386972607164]",0.6018857900042633,False
316,1680,713,573,0.5175804612969114,BG/YOLO,1094,544,0.3,LK,"[-2878.4287311651024, 665.0107136895656, 8577.099095054862]","[1419.14560077204, 1153.970296997317]",2.9948498696897228,"[2188.525555899481, 1083.5486814462279]",2.6210247876237664,False
